Summary data collected by the Greenhouse Gas Reporting Program,,,,,,,,,,,,,,,,,,,,,,,,,,,,,,,,,,,,,,,,,,,,,,,,,,,,,,,,,,,,,,,,
This data was reported to EPA by facilities as of 8/18/2023,,,,,,,,,,,,,,,,,,,,,,,,,,,,,,,,,,,,,,,,,,,,,,,,,,,,,,,,,,,,,,,,
All emissions data is presented in units of metric tons of carbon dioxide equivalent using GWP's from IPCC's AR4 (see FAQs tab).,,,,,,,,,,,,,,,,,,,,,,,,,,,,,,,,,,,,,,,,,,,,,,,,,,,,,,,,,,,,,,,,
Facility Id,FRS Id,Facility Name,State where Emissions Occur,Reported City,Reported State,Reported Zip Code,Reported Address,Reported County,Reported Latitude,Reported Longitude,Primary NAICS Code,Latest Reported Industry Type (subparts),2022 Total reported direct emissions from Local Distribution Companies,2021 Total reported direct emissions from Local Distribution Companies,2020 Total reported direct emissions from Local Distribution Companies,2019 Total reported direct emissions from Local Distribution Companies,2018 Total reported direct emissions from Local Distribution Companies,2017 Total reported direct emissions from Local Distribution Companies,2016 Total reported direct emissions from Local Distribution Companies,2015 Total reported direct emissions from Local Distribution Companies,2014 Total reported direct emissions from Local Distribution Companies,2013 Total reported direct emissions from Local Distribution Companies,2012 Total reported direct emissions from Local Distribution Companies,2011 Total reported direct emissions from Local Distribution Companies,,,,,,,,,,,,,,,,,,,,,,,,,,,,,,,,,,,,,,,,
1008026,110071160130,Ameren Illinois,IL,Peoria,IL,61602,300 Liberty Street,PEORIA COUNTY,40.69045,-89.5924,221210,"NN-LDC,W-LDC",82377.892,76659.696,74939.996,74762.846,99558.146,74961.1,73739.346,105051.594,75801.6,75662.2,75480.25,73414.44,,,,,,,,,,,,,,,,,,,,,,,,,,,,,,,,,,,,,,,,
1004034,110071160131,Ameren Missouri,MO,St. Louis,MO,63103,1901 Chouteau Avenue,ST. LOUIS CITY,38.620667,-90.211086,221210,"NN-LDC,W-LDC",15062.1,14890.65,14759.55,14674.95,13714.75,13668.5,13556.8,13459.2,13412.6,13353.6,13736.25,13271.75,,,,,,,,,,,,,,,,,,,,,,,,,,,,,,,,,,,,,,,,
1004975,110071160686,Arkansas Oklahoma Gas Corp (AR),AR,Fort Smith,AR,72903,5030 South S Street,SEBASTIAN COUNTY,35.363559,-94.37686,221210,NN-LDC,,,,,,8961.2,9771.05,11131.7,10870.5,10821.8,11025.5,11509.6,,,,,,,,,,,,,,,,,,,,,,,,,,,,,,,,,,,,,,,,
1006481,,Arkansas Oklahoma Gas Corp (OK),OK,Fort Smith,AR,72903,5030 South S Street,,35.36353,-94.37573,221210,NN-LDC,,,,,,2983.45,2977.35,3220.5,2447.55,3111.7,3129.45,3426.5,,,,,,,,,,,,,,,,,,,,,,,,,,,,,,,,,,,,,,,,
1007872,110071161198,Atlanta Gas Light Company,GA,Atlanta,GA,30309,Ten Peachtree Place,FULTON COUNTY,33.797114,-84.380489,221210,"NN-LDC,W-LDC",175745.35,200092.9,165161.15,154525.296,156542.84,154795.438,151902.05,160923.894,155671.85,155513.8,191483.4,217658.9,,,,,,,,,,,,,,,,,,,,,,,,,,,,,,,,,,,,,,,,
1004794,110070081906,Atmos Energy Corporation - Colorado,CO,Dallas,TX,75240,5430 LBJ Freeway,DALLAS COUNTY,32.925488,-96.816137,221210,"NN-LDC,W-LDC",23799.7,22833,24339.55,24759.3,24623.6,26282.35,24580.35,29139.35,18882.7,19471.9,19600.35,20646.1,,,,,,,,,,,,,,,,,,,,,,,,,,,,,,,,,,,,,,,,
1001388,110071162238,Atmos Energy Corporation - Kansas,KS,Dallas,TX,75240,5430 LBJ Freeway,DALLAS COUNTY,32.925488,-96.816137,221210,"NN-LDC,W-LDC",23232.25,23302.85,24108,23137.65,22121.6,22788.75,16324.2,24407.15,16753.2,16375.6,16710.6,17343.65,,,,,,,,,,,,,,,,,,,,,,,,,,,,,,,,,,,,,,,,
1001389,110043973153,Atmos Energy Corporation - Kentucky,KY,Dallas,TX,75240,5430 LBJ Freeway,DALLAS COUNTY,32.92548,-96.81613,221210,"NN-LDC,W-LDC",23443.2,24439.65,25478.95,27025,27370.25,30600.05,28053.05,26994.25,29809.7,30628.7,26830.55,28797.4,,,,,,,,,,,,,,,,,,,,,,,,,,,,,,,,,,,,,,,,
1001390,110043973153,Atmos Energy Corporation - Louisiana,LA,Dallas,TX,75240,5430 LBJ Freeway,DALLAS COUNTY,32.92548,-96.81613,221210,"NN-LDC,W-LDC",53855.05,50292,50207.15,51808.9,51349.55,49683.65,49069.6,47793.25,45866.85,43786.45,44012.9,46549.85,,,,,,,,,,,,,,,,,,,,,,,,,,,,,,,,,,,,,,,,
1001391,110071159496,Atmos Energy Corporation - Mississippi,MS,Dallas,TX,75240,5430 LBJ Freeway,DALLAS COUNTY,32.925488,-96.816137,221210,"NN-LDC,W-LDC",65173.25,56267.95,47970.55,47282.4,50847.45,54417.15,59779.25,58274.45,35216.25,30123.45,29342.7,30446.35,,,,,,,,,,,,,,,,,,,,,,,,,,,,,,,,,,,,,,,,
1006887,110043973153,Atmos Energy Corporation - Tennessee,TN,Dallas,TX,75240,5430 LBJ Freeway,DALLAS COUNTY,32.92548,-96.81613,221210,"NN-LDC,W-LDC",18081.3,17832.75,17576.7,17258.55,17402,19005.65,21455.8,24466,19284,14359.6,17286.55,17795.9,,,,,,,,,,,,,,,,,,,,,,,,,,,,,,,,,,,,,,,,
1001398,110071159497,Atmos Energy Corporation - Texas,TX,Dallas,TX,75240,5430 LBJ Freeway,DALLAS COUNTY,32.925488,-96.816137,221210,"NN-LDC,W-LDC",388144.05,394677.45,437152.55,474904.55,481623.9,519125.5,846637.55,866271.5,505747.65,544204,700863.75,653694.5,,,,,,,,,,,,,,,,,,,,,,,,,,,,,,,,,,,,,,,,
1001402,110071159498,Atmos Energy Corporation- Virginia,VA,Dallas,TX,75240,5430 LBJ Freeway,DALLAS COUNTY,32.925488,-96.816137,221210,"NN-LDC,W-LDC",2670.45,2654.45,2662.7,2655.7,2673.2,2590.6,2652.2,10709.9,2785.55,2734.95,2716.95,3712,,,,,,,,,,,,,,,,,,,,,,,,,,,,,,,,,,,,,,,,
1003292,110071161205,Avista Corporation-OR,OR,Spokane,WA,99220,1411 E Mission,SPOKANE COUNTY,47.66,-117.39,221210,NN-LDC,,,,,,,,,9898.15,9851.25,9879.75,10104.5,,,,,,,,,,,,,,,,,,,,,,,,,,,,,,,,,,,,,,,,
1003050,110071161359,Avista Corporation-WA,WA,Spokane,WA,99220,1411 E. Mission,SPOKANE COUNTY,47.66,-117.39,221210,"NN-LDC,W-LDC",16212.5,16107.9,16035.8,15892.85,15761.5,15614.8,15512.95,15347.75,15252.4,15198.8,15134.2,15112.45,,,,,,,,,,,,,,,,,,,,,,,,,,,,,,,,,,,,,,,,
1005477,110071159904,Baltimore Gas & Electric Company,MD,Baltimore,MD,21230,1699 Leadenhall Street,BALTIMORE CITY,39.271299,-76.618519,221210,"NN-LDC,W-LDC",177590.746,182992.948,191349.148,201118.648,210048.748,219254.598,229688.948,235128.85,240933.15,245613.3,249454.45,255597.2,,,,,,,,,,,,,,,,,,,,,,,,,,,,,,,,,,,,,,,,
1008731,,Bangor Natural Gas Co.,ME,Bangor,ME,04401,498 Maine Avenue,,44.81311,-68.80581,221210,NN-LDC,,,,,,,,,,,679.05,593.7,,,,,,,,,,,,,,,,,,,,,,,,,,,,,,,,,,,,,,,,
1006762,110071160639,Batesville Water & Gas Utility,IN,Batesville,IN,47006,7 N. Eastern Ave.,RIPLEY COUNTY,39.298528,-85.214528,221210,"NN-LDC,W-LDC",384,384.25,374.75,375.25,440.6,416.75,368,368,368,307.25,365.75,221.7,,,,,,,,,,,,,,,,,,,,,,,,,,,,,,,,,,,,,,,,
1005329,110071159223,Benton Gas System,KY,Benton,KY,42025,201 Main Street,MARSHALL COUNTY,36.85812,-88.35076,221210,"NN-LDC,W-LDC",1404.45,1399.2,1389.7,1380.2,899.1,1365.95,1347.35,1279.2,,,,,,,,,,,,,,,,,,,,,,,,,,,,,,,,,,,,,,,,,,,,
1006528,110071161694,"Black Hills Colorado Gas, Inc. dba Black Hills Energy",CO,Fountain,CO,80817,7060 Alegre Street,EL PASO COUNTY,38.72966,-104.72517,221210,"NN-LDC,W-LDC",34442.75,33943.65,33539.65,,,,,,,,,,,,,,,,,,,,,,,,,,,,,,,,,,,,,,,,,,,,,,,,,
1006604,110043815057,Black Hills Energy Arkansas LLC.,AR,Fayetteville,AR,72703,655 E. Millsap Road Suite 104,JEFFERSON COUNTY,36.1166792878705,-94.1477479243083,221210,"NN-LDC,W-LDC",173964.4,173850.8,164197.2,104075.8,97976.25,65689,61738.55,61305.3,60879.8,62274.2,67661.55,65322.55,,,,,,,,,,,,,,,,,,,,,,,,,,,,,,,,,,,,,,,,
1004607,110043815057,"Black Hills Gas Distribution Colorado LLC, dba Black Hills Energy",CO,Fountain,CO,80817,7060 Alegre Street,JEFFERSON COUNTY,39.722098,-105.135202,221210,NN-LDC,,,,,,,,16043.45,16004.25,15699.4,15104.7,14535,,,,,,,,,,,,,,,,,,,,,,,,,,,,,,,,,,,,,,,,
1006605,110043815057,"Black Hills Gas Distribution Nebraska LLC, dba Black Hills Energy",NE,Lincoln,NE,68512,1600 Windhoek Drive,JEFFERSON COUNTY,39.722098,-105.135202,221210,NN-LDC,,,,,,,,21232.85,21395.8,21671.6,23198.85,20346.15,,,,,,,,,,,,,,,,,,,,,,,,,,,,,,,,,,,,,,,,
1006603,110043815057,"Black Hills Gas Distribution Wyoming LLC, dba Black Hills Energy",WY,Cheyenne,WY,82001,1301 West 24th Street,JEFFERSON COUNTY,39.722098,-105.135202,221210,NN-LDC,,,,,,,,10277.3,13601.45,12217.8,12160.75,10864.7,,,,,,,,,,,,,,,,,,,,,,,,,,,,,,,,,,,,,,,,
1006387,110071161364,"Black Hills Nebraska Gas, LLC. dba Black Hills Energy",NE,Lincoln,NE,68512,1600 Windhoek Drive,LANCASTER COUNTY,40.7587,-96.69715,221210,"NN-LDC,W-LDC",52227.9,55155.9,58346.45,,,,,,,,,,,,,,,,,,,,,,,,,,,,,,,,,,,,,,,,,,,,,,,,,
1005450,110043811881,Boaz Gas Board,AL,Boaz,AL,35957,138 North Main Street,MARSHALL COUNTY,34.198911,-86.165739,221210,"NN-LDC,W-LDC",,,,,1068.8,1051.3,1031.45,1006.2,993.2,968.95,,,,,,,,,,,,,,,,,,,,,,,,,,,,,,,,,,,,,,,,,,
1002481,110071161353,Boston Gas Company,MA,Waltham,MA,02451,40 Sylvan Road,MIDDLESEX COUNTY,42.397671,-71.270903,221210,"NN-LDC,W-LDC",356733.6,367635.6,348496.1,356606.55,367783.8,373891.85,389787.3,401374.45,410457,421408.5,428894,441508.2,,,,,,,,,,,,,,,,,,,,,,,,,,,,,,,,,,,,,,,,
1004115,110071160443,CON EDISON - NATURAL GAS DELIVERY SYSTEM,NY,New York,NY,10003,"4 Irving Place, Rm 1634",NEW YORK COUNTY,40.734108,-73.98868,221210,"NN-LDC,W-LDC",191359.446,200737.948,210759.148,219555.546,230635.144,238464.596,246152.546,254505.596,259415.4,268611.1,317095.45,322590.15,,,,,,,,,,,,,,,,,,,,,,,,,,,,,,,,,,,,,,,,
1004450,,CPS Energy Natural Gas System,TX,San Antonio,TX,78205,145 Navarro,,29.42243,-98.49045,221210,"NN-LDC,W-LDC",29522,29165.85,29179.35,29084,28679,28081.3,27863.75,27649.95,27958.6,27337.7,,,,,,,,,,,,,,,,,,,,,,,,,,,,,,,,,,,,,,,,,,
1011331,,Cairo Public Utility,IL,Cairo,IL,62914,1100 Commercial Ave,,37.00249,-89.16794,221210,"NN-LDC,W-LDC",632.05,599.45,600.2,668.9,689.55,690.9,561.1,0,0,0,0,0,,,,,,,,,,,,,,,,,,,,,,,,,,,,,,,,,,,,,,,,
1006497,110071161161,Cascade Natural Gas Coporation - Washington,WA,Kennewick,WA,99336,8113 W Grandridge Blvd,BENTON COUNTY,46.21929,-119.22946,221210,"NN-LDC,W-LDC",25016.698,24418.248,23564.148,23358.05,23973.05,26227.05,,,,,,13416.15,,,,,,,,,,,,,,,,,,,,,,,,,,,,,,,,,,,,,,,,
1002219,110071161717,Cascade Natural Gas Corporation - Oregon,OR,Kennewick,WA,99336,8113 W Grandridge Blvd,BENTON COUNTY,46.21929,-119.22946,221210,NN-LDC,,,,,,,,,,,4711.85,4692.1,,,,,,,,,,,,,,,,,,,,,,,,,,,,,,,,,,,,,,,,
1007941,110071160499,Cedar Falls Municipal Gas Utility,IA,Cedar Falls,IA,50613,1 Utility Parkway,BLACK HAWK COUNTY,42.52737,-92.44079,221210,"NN-LDC,W-LDC",1140.15,1137.4,1137.15,1123.9,1111.4,1114,1098.9,1081.4,1063.05,1053.55,1041.2,1028.2,,,,,,,,,,,,,,,,,,,,,,,,,,,,,,,,,,,,,,,,
1004047,110071162426,CenterPoint Energy Arkla (Louisiana),LA,Houston,TX,77002,1111 Louisiana,HARRIS COUNTY,29.75761,-95.36826,221210,"NN-LDC,W-LDC",,15914.7,15555.2,15531.45,23530.45,30500.55,33314.35,35230.9,37041.4,41653.45,44169.6,46127.05,,,,,,,,,,,,,,,,,,,,,,,,,,,,,,,,,,,,,,,,
1004090,110071162538,CenterPoint Energy Arkla (Texas),TX,Houston,TX,77002,1111 Louisiana,HARRIS COUNTY,29.75761,-95.36826,221210,"NN-LDC,W-LDC",,1638,1613.9,1608.65,2639.85,2491.5,2138.6,3698.5,4404.3,5683.55,6580.15,5927.1,,,,,,,,,,,,,,,,,,,,,,,,,,,,,,,,,,,,,,,,
1004198,110071160441,CenterPoint Energy Entex (Louisiana),LA,Houston,TX,77002,P.O. Box 0305,HARRIS COUNTY,29.752554,-95.370401,221210,"NN-LDC,W-LDC",34982.1,14071.15,18991.65,19279.95,18402,18358.75,18830.95,18629.9,19836.3,18617.05,19195.25,19066.25,,,,,,,,,,,,,,,,,,,,,,,,,,,,,,,,,,,,,,,,
1004049,110071159240,CenterPoint Energy Entex (Mississippi),MS,Houston,TX,77002,P.O. Box 0305,HARRIS COUNTY,29.752554,-95.370401,221210,"NN-LDC,W-LDC",19747.8,19723.45,19457.9,19371.05,18777.1,19038.4,19580.85,19453.4,20321.6,18513.7,18479.1,18104.45,,,,,,,,,,,,,,,,,,,,,,,,,,,,,,,,,,,,,,,,
1005925,110071162239,CenterPoint Energy Entex (Texas),TX,Houston,TX,77002,P.O. Box 0305,HARRIS COUNTY,29.752554,-95.370401,221210,"NN-LDC,W-LDC",167742,166452.4,162433.85,162218.05,172344.9,167435.85,166919.5,168276.6,168757,166132.05,166842.15,147447.65,,,,,,,,,,,,,,,,,,,,,,,,,,,,,,,,,,,,,,,,
1004086,110071160439,CenterPoint Energy Minnesota Gas,MN,Minneapolis,MN,55459,"800 LaSalle Ave, Floor 14, PO Box 59038",HENNEPIN COUNTY,44.97619,-93.27482,221210,"NN-LDC,W-LDC",68220.6,67815.35,69271.65,71782.9,72968.7,75336.05,78053.25,81369.25,85445.9,89185.95,93553.05,96760,,,,,,,,,,,,,,,,,,,,,,,,,,,,,,,,,,,,,,,,
1000011,110000807379,Central Hudson Gas and Electric Corporation,NY,Poughkeepsie,NY,12601,284 South Avenue,DUTCHESS COUNTY,41.690648,-73.931605,221122,"NN-LDC,W-LDC",12367.7,17236.4,19547.35,22126.4,23483.046,24903.3,26034.95,28628.3,33809.95,28696,34786.75,35610,,,,,,,,,,,,,,,,,,,,,,,,,,,,,,,,,,,,,,,,
1002453,110071161747,Chambersburg Gas Dept.,PA,Chambersburg,PA,17201,100 S. Second St.,FRANKLIN COUNTY,39.984707,-77.665066,221210,NN-LDC,,,,,,,,,71101,3121,4004.5,,,,,,,,,,,,,,,,,,,,,,,,,,,,,,,,,,,,,,,,,
1007572,110071160090,Chattanoga Gas Company,TN,Chattanooga,TN,37421,2207 Olan Mills Drive,HAMILTON COUNTY,35.05026,-85.18439,221210,"NN-LDC,W-LDC",7852.15,9299.95,7707.95,7825.65,7967.35,8086.7,10074.5,8118.7,8884.85,9824.5,11532.35,12029.4,,,,,,,,,,,,,,,,,,,,,,,,,,,,,,,,,,,,,,,,
1005550,110071161179,Chesapeake Utilities - DE Division,DE,Dover,DE,19901,500 Energy Ln Suite 100,KENT COUNTY,39.155559,-75.528836,221210,"NN-LDC,W-LDC",,5994.95,5704.15,5434.5,5253.05,5101.85,5134.45,5175.7,5310.9,5008.6,5245.3,5524.1,,,,,,,,,,,,,,,,,,,,,,,,,,,,,,,,,,,,,,,,
1007448,110071161180,Chesapeake Utilities - MD Division,MD,Salisbury,MD,21804,32145 Beaver Run Dr,WICOMICO COUNTY,38.37742,-75.49867,221210,"NN-LDC,W-LDC",,1667.75,1695,1898.3,2018.65,2197.6,2318.7,2581.35,2867,3494.7,3961.45,4293.45,,,,,,,,,,,,,,,,,,,,,,,,,,,,,,,,,,,,,,,,
1002330,110071159546,Citizens Gas - Indianapolis,IN,Indianapolis,IN,46202,2020 North Meridian Street,MARION COUNTY,39.79398,-86.15734,221210,NN-LDC,,,,,,,17508.6,17533.6,17615.2,18141.8,18584.9,21775.95,,,,,,,,,,,,,,,,,,,,,,,,,,,,,,,,,,,,,,,,
1003491,110071159290,City Utilities Natural Gas Distribution System,MO,SPRINGFIELD,MO,65802,301 E. CENTRAL,GREENE COUNTY,37.21738,-93.29036,221210,"NN-LDC,W-LDC",6285.8,6330.05,6343.3,6319.15,6347.05,6319.6,6293.15,6307.7,6323.6,6254.5,6234.05,6234.3,,,,,,,,,,,,,,,,,,,,,,,,,,,,,,,,,,,,,,,,
1008498,110071162116,City of Chanute - Utility Complex,KS,Chanute,KS,66720,1002 East 14th Street,NEOSHO COUNTY,37.690348,-95.401344,221210,"NN-LDC,W-LDC",1235.25,2068.5,3612.3,1287.85,1357.35,1308.85,1334.1,1524.4,1494.55,1601.65,1428.45,1439.7,,,,,,,,,,,,,,,,,,,,,,,,,,,,,,,,,,,,,,,,
1004063,110071162224,City of Charlottesville,VA,Charlottesville,VA,22902,605 East Main St,CHARLOTTESVILLE CITY,38.0296,-78.47772,221210,"NN-LDC,W-LDC",1595.05,1589.3,1580.55,1574.8,1564.8,1554.55,31152,0,1228,1220,1360,1440,,,,,,,,,,,,,,,,,,,,,,,,,,,,,,,,,,,,,,,,
1005531,110071160007,City of Clarksville Gas & Water Dept,TN,Clarksville,TN,37043,2215 Madison St,MONTGOMERY COUNTY,36.5097,-87.27772,221210,NN-LDC,,,,,,3498.7,3844.6,5180.7,3753.25,3732.5,3683.4,3624.4,,,,,,,,,,,,,,,,,,,,,,,,,,,,,,,,,,,,,,,,
1005451,110071159444,City of Covington,TN,Covington,TN,38019,200 W. Washington Ave,TIPTON COUNTY,35.56296,-89.64792,921120,"NN-LDC,W-LDC",360,360,360,360,360,361.5,0,360.5,366,,,,,,,,,,,,,,,,,,,,,,,,,,,,,,,,,,,,,,,,,,,
1010955,,City of Deming,NM,Deming,NM,88030,309 South Gold Avenue,,32.266538,-107.758404,221210,"NN-LDC,W-LDC",730.55,0,0,0,1349.1,1399.1,1399.1,1451.7,0,0,,,,,,,,,,,,,,,,,,,,,,,,,,,,,,,,,,,,,,,,,,
1011040,110057067677,City of Lebanon - Gas Department,,Lebanon,TN,37087,1017 Sparta Pike,WILSON,36.1951,-86.27495,221210,"NN-LDC,W-LDC",,,,,,,,,,,1035.8,1018.55,,,,,,,,,,,,,,,,,,,,,,,,,,,,,,,,,,,,,,,,
1010159,,City of Lexington,NC,Lexington,NC,27292,28 West Center Street,,35.7352485,-80.2321313,221210,"NN-LDC,W-LDC",2258.55,2149.5,2111.25,2057.4,2030.55,2021.8,2007.3,1967.2,1923.55,1872.3,1854.45,1825.2,,,,,,,,,,,,,,,,,,,,,,,,,,,,,,,,,,,,,,,,
1006629,110071159511,City of Long Beach Gas and Oil Department,CA,Long Beach,CA,90806,2400 E. Spring St,LOS ANGELES COUNTY,33.8117,-118.16328,221210,NN-LDC,,,,,,,,,6250.75,6326.5,6493.8,6516.8,,,,,,,,,,,,,,,,,,,,,,,,,,,,,,,,,,,,,,,,
1008098,110071159426,City of Mesa,AZ,Mesa,AZ,85211,640 N. Mesa Drive,MARICOPA COUNTY,33.418052,-111.831391,221210,"NN-LDC,W-LDC",6948.4,6777.45,6647,6403.95,6356.7,6211.25,6167.15,6026.05,5535.8,4725.95,5656.15,5888.3,,,,,,,,,,,,,,,,,,,,,,,,,,,,,,,,,,,,,,,,
1004214,110071160001,City of Perryville,MO,Perryville,MO,63775,215 N West St,PERRY COUNTY,37.72742,-89.86481,221210,"NN-LDC,W-LDC",545.2,544.95,,,,,,,,,,,,,,,,,,,,,,,,,,,,,,,,,,,,,,,,,,,,,,,,,,
1007011,110071159281,City of Rensselaer Gas Utility,IN,Rensselaer,IN,47978,706 N. Cullen,JASPER COUNTY,40.94284,-87.15426,221210,"NN-LDC,W-LDC",420.5,409.75,409.75,409.5,404.75,404.75,373.25,37.5,376,0,0,0,,,,,,,,,,,,,,,,,,,,,,,,,,,,,,,,,,,,,,,,
1002273,110071161342,"City of Richmond - DPU, Natural Gas LDC",VA,Richmond,VA,23114,730 East Broad Street,CHESTERFIELD COUNTY,37.489045,-77.665066,221210,"NN-LDC,W-LDC",25223.4,25527.2,26230.85,27001,28411.05,29064.5,30147.05,31983.25,27920.5,30118.7,41196.35,49070.75,,,,,,,,,,,,,,,,,,,,,,,,,,,,,,,,,,,,,,,,
1000054,110071160313,City of Tallahassee Natural Gas Utility,FL,Tallahassee,FL,32304,2602 Jackson Bluff Road,LEON COUNTY,30.438668,-84.332457,221210,"NN-LDC,W-LDC",4334.2,4298.95,4234.35,4181.1,4135.25,4093.75,4054.9,4037.3,3991.3,,,,,,,,,,,,,,,,,,,,,,,,,,,,,,,,,,,,,,,,,,,
1004154,110071160979,"City of Union, South Carolina",SC,Union,SC,29379,101 Sharpe Avenue,UNION COUNTY,34.71568,-81.62514,221210,"NN-LDC,W-LDC",1803.45,1803.45,1805.45,1785.1,1774.35,1807.45,1886.1,2054.5,4511.6,,,,,,,,,,,,,,,,,,,,,,,,,,,,,,,,,,,,,,,,,,,
1005771,,Clarke-Mobile Counties Gas District,AL,Jackson,AL,36545,2003 College Avenue,,31.530954,-87.891408,221210,"NN-LDC,W-LDC",3351.5,1982.15,2167.25,2167.35,1812.95,1785.6,2000.65,1854.95,1802.85,1802.2,1441.95,1716.25,,,,,,,,,,,,,,,,,,,,,,,,,,,,,,,,,,,,,,,,
1007326,110071161187,Colonial Gas Company,MA,Waltham,MA,02451,40 Sylvan Road,MIDDLESEX COUNTY,42.400469,-71.257723,221210,"NN-LDC,W-LDC",,,36151.25,37193.05,38885.05,40068.95,42499.25,43373.35,44661.35,47576,50120.1,52809.9,,,,,,,,,,,,,,,,,,,,,,,,,,,,,,,,,,,,,,,,
1005703,110071162003,"Colorado Natural Gas, Inc.",CO,Centennial,CO,80112,10825 E. Geddes Avenue,JEFFERSON COUNTY,39.57454,-105.13351,221210,"NN-LDC,W-LDC",6085.3,6132.9,,,,5823.25,5821.75,5761.15,4865.25,4843.25,6210.5,5232.8,,,,,,,,,,,,,,,,,,,,,,,,,,,,,,,,,,,,,,,,
1007361,110071161925,Columbia Gas of Kentucky,KY,Merrillville,IN,46410,801 East 86th Avenue,FAYETTE COUNTY,38.08005,-84.53753,221210,"NN-LDC,W-LDC",30443.7,32589.2,33569.9,35082.95,36992.25,38435.05,39371.65,40376.35,41475.15,42653.9,43755.1,45257,,,,,,,,,,,,,,,,,,,,,,,,,,,,,,,,,,,,,,,,
1003942,110071161039,Columbia Gas of Ohio,OH,Merrillville,IN,46410,801 East 86th Avenue,FRANKLIN COUNTY,39.95745,-83.00355,221210,"NN-LDC,W-LDC",218373.4,236940.05,251402.2,261876.55,277777.15,290072.95,306514.648,321965.1,341569.998,359880.948,379875.75,400679.25,,,,,,,,,,,,,,,,,,,,,,,,,,,,,,,,,,,,,,,,
1003839,110071161254,Columbia Gas of Pennsylvania,PA,Merrillville,IN,46410,801 East 86th Avenue,WASHINGTON COUNTY,40.28588,-80.1788,221210,"NN-LDC,W-LDC",114077.55,123860.6,129099.15,134650.35,143155.4,147204.95,165757.1,167114.7,175587.7,183653.9,224665.75,190552.9,,,,,,,,,,,,,,,,,,,,,,,,,,,,,,,,,,,,,,,,
1007304,110071161314,Columbia Gas of Virginia,VA,Merrillville,IN,46410,801 East 86th Avenue,CHESTERFIELD COUNTY,37.36375,-77.39516,221210,"NN-LDC,W-LDC",31544.5,32297.65,32377,32243.8,32843.5,32444.35,32739.9,32744.9,33652.55,34523.35,35716.25,37173.7,,,,,,,,,,,,,,,,,,,,,,,,,,,,,,,,,,,,,,,,
1007569,110071160642,Connecticut Natural Gas Company,CT,East Hartford,CT,06108,76 Meadow Street,HARTFORD COUNTY,41.76135,-72.65664,221210,"NN-LDC,W-LDC",44347.75,46244.35,46835.55,50950.55,50967.15,50948.05,51775.3,53812.55,55449.1,57183.9,60424.3,62112.8,,,,,,,,,,,,,,,,,,,,,,,,,,,,,,,,,,,,,,,,
1004527,110071160593,Consumers Energy Company,MI,Jackson,MI,49201,One Energy Plaza,JACKSON COUNTY,42.315121,-84.375233,221210,"NN-LDC,W-LDC",210273.688,216664.188,230479.342,229934.79,235601.842,234714.744,241376,250784.5,262913.05,265636.65,270568.2,268962.6,,,,,,,,,,,,,,,,,,,,,,,,,,,,,,,,,,,,,,,,
1006503,110071160636,DTE Energy Michcon LDC,MI,Detroit,MI,48226,One Energy Plaza,WAYNE COUNTY,42.328245,-83.049562,221210,"NN-LDC,W-LDC",357897.348,390918.898,423970.448,458970.048,478799.698,582622.698,565143.598,577508.998,675855.45,671742.45,71356.8,71356.8,,,,,,,,,,,,,,,,,,,,,,,,,,,,,,,,,,,,,,,,
1003285,110071159472,Delmarva Power & Light - Gas Delivery,DE,Wilmington,DE,19801,"630 Martin Luther King Jr., Blvd.",NEW CASTLE COUNTY,39.740363,-75.558513,221210,"NN-LDC,W-LDC",23055.05,23431.2,25487.95,25912.7,26765.45,27627.8,28879.8,29490,25716.6,26323.2,34946,34946.1,,,,,,,,,,,,,,,,,,,,,,,,,,,,,,,,,,,,,,,,
1004703,110071162376,Dominion Energy Ohio - The East Ohio Gas Co (Dist) (Ohio),OH,CLEVELAND,OH,44103,1201 EAST 55TH STREET,CUYAHOGA COUNTY,41.52706,-81.65199,221210,"NN-LDC,W-LDC",558023.048,574629.498,590583.148,603868.798,620638.048,638735.498,658109.65,702411.7,708651.298,790282.948,866461.45,1033477.25,,,,,,,,,,,,,,,,,,,,,,,,,,,,,,,,,,,,,,,,
1004977,110071161534,Dominion Energy Questar Gas Company (Dist) (Utah),UT,SALT LAKE CITY,UT,84101,1140 WEST 200 SOUTH,SALT LAKE COUNTY,40.76498,-111.92547,221210,"NN-LDC,W-LDC",98195.948,95981.898,94169.048,93551.642,93356.886,90038.44,87101.948,85404.2,83245.2,81941.748,80496.1,78899.6,,,,,,,,,,,,,,,,,,,,,,,,,,,,,,,,,,,,,,,,
1006379,110071162373,Dominion Energy Questar Gas Company (Dist) (Wyoming),WY,SALT LAKE CITY,UT,84101,1140 WEST 200 SOUTH,SALT LAKE COUNTY,40.76498,-111.92547,221210,NN-LDC,,3003.6,2999.1,2969.1,,,,,,,,,,,,,,,,,,,,,,,,,,,,,,,,,,,,,,,,,,,,,,,,
1001738,110071159544,Duke Energy Kentucky Gas Operation,KY,Cincinnati,OH,45201,139 East Fourth St.,HAMILTON COUNTY,39.106635,-84.536323,221210,"NN-LDC,W-LDC",6664,6451.05,6381.7,6230,6189,6241,6462.7,6661.15,6514.5,6931.3,6203.2,6222.25,,,,,,,,,,,,,,,,,,,,,,,,,,,,,,,,,,,,,,,,
1002687,110043808591,Duke Energy Ohio Gas Operation,OH,Cincinnati,OH,45201,139 East Fourth St.,HAMILTON COUNTY,39.10036,-84.50994,221210,"NN-LDC,W-LDC",30377.6,28303.35,28747.1,29038.75,27285.3,27257.6,26904.8,29125.1,39217.6,46758.85,49759.8,61401.5,,,,,,,,,,,,,,,,,,,,,,,,,,,,,,,,,,,,,,,,
1004054,110043784517,Elizabethtown Gas,NJ,Berkeley Heights,NJ,07922,300 Connell Drive,UNION COUNTY,40.66158,-74.417,221210,"NN-LDC,W-LDC",40834.648,45326.698,52576.748,57862.498,67797.898,76189.198,84723.938,85766.292,88729.8,92183.7,100637.8,97510.4,,,,,,,,,,,,,,,,,,,,,,,,,,,,,,,,,,,,,,,,
1007828,110071161490,Elk River Public Utility District,TN,Tullahoma,TN,37388,217 South Jackson Street,COFFEE COUNTY,35.360512,-86.210315,221210,"NN-LDC,W-LDC",3366.1,3331.6,3276,3289.25,3358.35,3210.4,3188.8,3131.3,3122.55,3069.2,3068.95,2173.85,,,,,,,,,,,,,,,,,,,,,,,,,,,,,,,,,,,,,,,,
1004179,110071160410,Elkton Gas Company,MD,Elkton,MD,21921,"125 East High Street, Suite B",CECIL COUNTY,39.60977,-75.82896,221210,"NN-LDC,W-LDC",,539.35,,623.05,528.1,526.35,515.6,513.1,512.7,512.45,496.85,497.35,,,,,,,,,,,,,,,,,,,,,,,,,,,,,,,,,,,,,,,,
1005109,110043784991,Empire District Gas Company,MO,Joplin,MO,64801,602 Joplin Street,JASPER COUNTY,37.17205,-94.56392,221210,NN-LDC,,,5240.4,5185.05,5179.05,5156.95,5143.7,5128.7,5075.6,5016.6,5915.25,5824.65,,,,,,,,,,,,,,,,,,,,,,,,,,,,,,,,,,,,,,,,
1001088,110071159558,Energy Services of Pensacola,FL,Pensacola,FL,32514,1625 Atwood Dr,ESCAMBIA COUNTY,30.50515,-87.22575,221210,"NN-LDC,W-LDC",35285.65,35470.45,36476.4,37362.5,42846.6,44673.05,46803.15,48743.7,88599,96944,116068.25,118414.25,,,,,,,,,,,,,,,,,,,,,,,,,,,,,,,,,,,,,,,,
1002605,110071160504,"EnergyNorth Natural Gas, Inc.",NH,Londonderry,NH,03053,15 Buttrick Road,KINGS COUNTY,40.698677,-73.985941,221210,NN-LDC,,,,,,,,,,,,27253.8,,,,,,,,,,,,,,,,,,,,,,,,,,,,,,,,,,,,,,,,
1005572,110071159850,"Entergy Louisiana, LLC Gas Business",LA,Baton Rouge,LA,70805,5755 Choctaw Drive,EAST BATON ROUGE PARISH,30.47085,-91.13304,221210,"NN-LDC,W-LDC",10395.5,10133.1,10013.85,9928.5,9880.15,9860.15,11565.65,12323.05,12359.65,12446.9,15043.35,11999.15,,,,,,,,,,,,,,,,,,,,,,,,,,,,,,,,,,,,,,,,
1005240,110071161294,"Entergy New Orleans, LLC Gas Business",LA,New Orleans,LA,70119,3700 Tulane Ave,ORLEANS PARISH,29.979811,-90.079349,221210,"NN-LDC,W-LDC",12420.5,15727.65,19846.15,23123.55,26818.3,31540.75,35381.85,40368.35,44592.95,48072.7,52952.55,58203.85,,,,,,,,,,,,,,,,,,,,,,,,,,,,,,,,,,,,,,,,
1006396,110043970637,Equitable Gas Company (PA) dba Peoples,,Pittsburgh,PA,15212,"375 North Shore Drive, Suite 600",ALLEGHENY COUNTY,40.4828051,-80.0367259,221210,"NN-LDC,W-LDC",,,,,,,,,68845.35,64044.1,113753.75,107137.25,,,,,,,,,,,,,,,,,,,,,,,,,,,,,,,,,,,,,,,,
1003840,110071162208,Eversource Gas Mass,MA,Westwood,MA,02090,247 Station Dr,WORCESTER COUNTY,42.283831,-71.583763,221210,"NN-LDC,W-LDC",94434.45,97639.5,101301.65,102283.1,108197.238,117061.636,126483.178,135424.93,139565.074,155978.392,161737.344,168863.116,,,,,,,,,,,,,,,,,,,,,,,,,,,,,,,,,,,,,,,,
1006381,110035652585,FLORIDA PUBLIC UTILITIES,FL,West Palm Beach,FL,33409,"1641 Worthington Road, Suite 220",PALM BEACH COUNTY,26.71,-80.053611,221210,"NN-LDC,W-LDC",,,,17595.55,18263.85,19435.9,21243.1,23986.65,26850.05,30529.2,31217.1,31615.75,,,,,,,,,,,,,,,,,,,,,,,,,,,,,,,,,,,,,,,,
1005388,110071159221,FORT MORGAN CITY OF,CO,FORT MORGAN,CO,80701,710 E Railraod Ave,MORGAN COUNTY,40.248494,-103.79179,221210,"NN-LDC,W-LDC",555.45,553.2,553.45,551.45,549.2,548.1,,,,,,,,,,,,,,,,,,,,,,,,,,,,,,,,,,,,,,,,,,,,,,
1005285,110071160149,Fayetteville Public Utilities,TN,Fayetteville,TN,37334,408 College Street West,LINCOLN COUNTY,35.314962,-86.636076,221210,"NN-LDC,W-LDC",1583.65,1579.4,2522.75,1368.85,1275.25,1256.35,1254.5,0,0,,,,,,,,,,,,,,,,,,,,,,,,,,,,,,,,,,,,,,,,,,,
1004229,110071160522,Florida City Gas,FL,Rockledge,FL,32955,4180 South US Highway 1,BREVARD COUNTY,27.952165,-80.536618,221210,"NN-LDC,W-LDC",16770.95,19502.5,16862.05,16704.85,16704.75,16754.2,18292,18572.2,15480.7,18536.8,20004.9,21237.1,,,,,,,,,,,,,,,,,,,,,,,,,,,,,,,,,,,,,,,,
1011801,,Fountain Inn Natural Gas System,SC,Fountain Inn,SC,29644,100 S. Weston St,,34.6937436398831,-82.1985702509251,221210,"NN-LDC,W-LDC",1485.95,3002.75,1818.65,,,,,,,,,,,,,,,,,,,,,,,,,,,,,,,,,,,,,,,,,,,,,,,,,
1007530,,Frontier Natural Gas,NC,Elkin,NC,28621,110 PGW Drive,,36.3301314,-80.7990185,221210,"NN-LDC,W-TRANS",,,,,,,,0,1304.65,1146.6,1254,1205.4,,,,,,,,,,,,,,,,,,,,,,,,,,,,,,,,,,,,,,,,
1006636,110071159893,Great Plains Natural Gas Co. - ND,ND,Bismarck,ND,58501,400 North Fourth Street,BURLEIGH COUNTY,46.824344,-100.659753,221210,NN-LDC,,,,,,,,,,,190.45,190.2,,,,,,,,,,,,,,,,,,,,,,,,,,,,,,,,,,,,,,,,
1000350,110071161499,Great Plains Natural Gas Company - MN,MN,Bismarck,ND,58501,400 North Fourth Street,BURLEIGH COUNTY,46.824344,-100.659753,221210,NN-LDC,,,,,,,,,,,1741.6,1737.85,,,,,,,,,,,,,,,,,,,,,,,,,,,,,,,,,,,,,,,,
1004706,110043815574,"Hope Gas, Inc.",WV,Jane Lew,WV,26378,179 Innovation Dr,HARRISON COUNTY,39.28413,-80.299985,221210,"NN-LDC,W-LDC",63527.05,66293.8,69746.75,73674.7,73166.85,75712.45,76635.3,101492.95,111406,134601,179975.25,300358.75,,,,,,,,,,,,,,,,,,,,,,,,,,,,,,,,,,,,,,,,
1007021,110071161140,Humboldt Utilities,TN,Humboldt,TN,38346,207 South 13th Ave.,GIBSON COUNTY,36.029533,-88.808073,221210,"NN-LDC,W-LDC",411.4,406.9,412.9,408.5,408.9,408.15,412.9,400.4,391.9,386.4,389.25,397.75,,,,,,,,,,,,,,,,,,,,,,,,,,,,,,,,,,,,,,,,
1002297,110071159514,Huntsville Utilities,AL,Huntsville,AL,35804,112 Spragins Street,MADISON COUNTY,34.73,-86.59,221210,"NN-LDC,W-LDC",8154.2,8480.2,8316.75,8861.8,8868.05,8976.4,9229.2,12374.9,12951.6,0,0,10685.15,,,,,,,,,,,,,,,,,,,,,,,,,,,,,,,,,,,,,,,,
1001251,110071159599,ILLINOIS GAS COMPANY,IL,OLNEY,IL,62450,1927 MILLER DR,RICHLAND COUNTY,38.703671,-88.086588,221210,"NN-LDC,W-LDC",1486.3,1481.8,1478.3,1486.3,1481.55,1484.3,1725.85,1427.2,1522.95,0,10.5,1483.8,,,,,,,,,,,,,,,,,,,,,,,,,,,,,,,,,,,,,,,,
1004210,110071160246,Indiana Gas Company,IN,Evansville,IN,47708,2111 NW Riverside Dr.,VANDERBURGH COUNTY,37.973424,-87.575423,221210,"NN-LDC,W-LDC",73085.25,73888.75,73663.45,74994.05,88876.5,93640.05,96354.85,113870.25,133003.35,112246.6,116339.65,119894.3,,,,,,,,,,,,,,,,,,,,,,,,,,,,,,,,,,,,,,,,
1002220,110071161718,Intermountain Gas Company,ID,Boise,ID,83709,555 S. Cole Road,ADA COUNTY,43.59906,-116.27417,221210,"NN-LDC,W-LDC",34026.15,33217.2,32433,31899.15,32989.7,34333.55,30207.15,29779.2,,,28935.45,28897,,,,,,,,,,,,,,,,,,,,,,,,,,,,,,,,,,,,,,,,
1008674,110002439567,Interstate Power & Light - MN Gas Distribution,,Cedar Rapids,IA,52401,200 First Street SE,LINN COUNTY,41.97684,-91.66853,221210,"NN-LDC,W-LDC",,,,,,,,0,1049.2,1054.95,1050.25,1050.7,,,,,,,,,,,,,,,,,,,,,,,,,,,,,,,,,,,,,,,,
1002151,110071161778,Interstate Power & Light Gas Distribution,IA,Cedar Rapids,IA,52401,200 1st Street SE,LINN COUNTY,41.97704,-91.66872,221210,"NN-LDC,W-LDC",21298.6,21323.2,20726.65,21551,21422.05,21158.9,21093.05,22221.35,21157,21258.4,23047.7,22995.85,,,,,,,,,,,,,,,,,,,,,,,,,,,,,,,,,,,,,,,,
1003992,110071161040,Jackson Energy Authority,TN,Jackson,TN,38301,119 East College Street,MADISON COUNTY,35.61589,-88.81837,221210,"NN-LDC,W-LDC",3787,3751.9,3694.3,3669.3,3672,3639.3,3569.3,3547.4,3526.05,,,,,,,,,,,,,,,,,,,,,,,,,,,,,,,,,,,,,,,,,,,
1001123,110071160813,Jasper Municipal Gas Utility,IN,Jasper,IN,47547,825 E. 2nd Ave,DUBOIS COUNTY,38.39,-86.93,221210,"NN-LDC,W-LDC",529.6,691.8,691.8,691.3,690.05,851.15,651.2,802.15,536.35,438,55.85,504.85,,,,,,,,,,,,,,,,,,,,,,,,,,,,,,,,,,,,,,,,
1002602,110071160501,KEYSPAN GAS EAST CORPORATION,NY,Hicksville,NY,11801,175 East Old Country Road,NASSAU COUNTY,40.766791,-73.510559,221210,"NN-LDC,W-LDC",244359.476,256331.26,257568.71,260838.38,269719.53,282713.38,311846.9,314835.06,314768.25,323653.3,329138,345474,,,,,,,,,,,,,,,,,,,,,,,,,,,,,,,,,,,,,,,,
1004107,110071160978,Kansas Gas Service,KS,Overland Park,KS,66213,7421 W. 129th St,JOHNSON COUNTY,38.89568,-94.67267,221210,"NN-LDC,W-LDC",78189.35,94739.85,96672.4,102364.7,109752.85,102216.85,111674.65,120460,126372.6,150554.8,130118.1,138438.55,,,,,,,,,,,,,,,,,,,,,,,,,,,,,,,,,,,,,,,,
1002701,110071159610,"LG&E and KU Energy, LLC",KY,Louisville,KY,40202,220 West Main,JEFFERSON COUNTY,38.25634,-85.75418,486210,"NN-LDC,W-LDC",22057.6,22118.1,22203.95,22491.85,23449.2,22874.75,28977.9,35621.9,30419.1,30437.1,36229.35,36229.35,,,,,,,,,,,,,,,,,,,,,,,,,,,,,,,,,,,,,,,,
1001386,110043973153,LIBERTY UTILITIES - GEORGIA,GA,Columbus,GA,31901,2300 Victory Dr.,DALLAS COUNTY,32.92548,-96.81613,221210,NN-LDC,,,,,,,,,,,12145.6,13936.2,,,,,,,,,,,,,,,,,,,,,,,,,,,,,,,,,,,,,,,,
1005481,110071159906,LIBERTY UTILITIES - MASSACHUSETTS,MA,FALL RIVER,MA,02722,P.O. Box 911,BRISTOL COUNTY,41.701398,-71.155837,221210,"NN-LDC,W-LDC",17762.48,19918.45,21929.42,24602.71,25876.8,28001.03,30861.32,30850.66,31281.1,32038.2,37181.85,38165.25,,,,,,,,,,,,,,,,,,,,,,,,,,,,,,,,,,,,,,,,
1006610,110071159555,"MIDWEST ENERGY, INC.",KS,HAYS,KS,67601,1330 Canterbury,ELLIS COUNTY,38.930608,-99.354344,221210,NN-LDC,,,,18710.25,19641.6,19856.15,21193.75,20592.9,21395.3,24847.4,24854.15,25032.1,,,,,,,,,,,,,,,,,,,,,,,,,,,,,,,,,,,,,,,,
1004603,110043808038,Maine Natural Gas,ME,Brunswick,ME,04011,PO Box 99,CUMBERLAND COUNTY,43.90749,-70.00248,221210,"NN-LDC,W-LDC",,,,,,910.5,901,921.1,1148.3,500.15,415.7,424.2,,,,,,,,,,,,,,,,,,,,,,,,,,,,,,,,,,,,,,,,
1007319,110071161433,"Memphis Light, Gas, and Water",TN,memphis,TN,38103,220 South Main Street,SHELBY COUNTY,35.139647,-90.055223,221122,"NN-LDC,W-LDC",31000.8,29581.35,23930.85,23995.35,24516.05,25806.35,26419.8,28129.25,30528.1,30899.2,38894.25,38212.85,,,,,,,,,,,,,,,,,,,,,,,,,,,,,,,,,,,,,,,,
1003155,110071160842,Metropolitan Utilities District of Omaha,NE,Omaha,NE,68102,1723 Harney Street,DOUGLAS COUNTY,41.25655,-95.93866,221210,"NN-LDC,W-LDC",43519.4,46031.9,52582.05,61755.9,68237.95,74892.1,81247.8,85968.5,90319,183171,104838,103556.5,,,,,,,,,,,,,,,,,,,,,,,,,,,,,,,,,,,,,,,,
1006374,110071162366,MidAmerican Energy Company Local Natural Gas Distribution Company - Illinois,IL,Des Moines,IA,50309,"666 Grand Avenue, Suite 500",POLK COUNTY,41.58758,-93.62616,221210,"NN-LDC,W-LDC",7505.75,7454,7446.25,7517.85,7580.1,7616.2,7688.45,7942.85,8432.4,8545.4,8102.15,7928.25,,,,,,,,,,,,,,,,,,,,,,,,,,,,,,,,,,,,,,,,
1006375,110071161808,MidAmerican Energy Company Local Natural Gas Distribution Company - Nebraska,NE,Des Moines,IA,50309,"666 Grand Avenue, Suite 500",POLK COUNTY,41.58758,-93.62616,221210,"NN-LDC,W-LDC",902.35,891.6,900.6,902.6,969.95,975.45,985.95,1051.1,1066.2,1122.9,1161.65,1220.5,,,,,,,,,,,,,,,,,,,,,,,,,,,,,,,,,,,,,,,,
1006376,110071160179,MidAmerican Energy Company Local Natural Gas Distribution Company - South Dakota,SD,Des Moines,IA,50309,"666 Grand Avenue, Suite 500",POLK COUNTY,41.58758,-93.62616,221210,"NN-LDC,W-LDC",8501.2,8425.6,8122.3,8028.45,7927,7891,7827.4,7773.15,8361.55,9189.75,10944.45,11546.9,,,,,,,,,,,,,,,,,,,,,,,,,,,,,,,,,,,,,,,,
1002424,110071161351,MidAmerican Energy Local Gas Distribution Company,IA,DesMoines,IA,50309,"666 Grand Avenue, Suite 500",POLK COUNTY,41.58758,-93.62616,221210,"NN-LDC,W-LDC",77267.996,76964.496,77287.9,77377.25,77233.3,77299.45,77400.4,76470.65,78983.1,80599.4,82750.1,83727.3,,,,,,,,,,,,,,,,,,,,,,,,,,,,,,,,,,,,,,,,
1004919,110071160729,Middle Tennessee Natural Gas Utility District,TN,Smithville,TN,37166,1030 West Broad Street,DEKALB COUNTY,35.965524,-85.849081,221210,"NN-LDC,W-LDC",17597,17122,16946,16771,17289.3,67103,66853,65752,99725,113186,137504.25,31217.25,,,,,,,,,,,,,,,,,,,,,,,,,,,,,,,,,,,,,,,,
1000388,110071160900,Middleborough Gas & Electric Department,MA,Middleborough,MA,02346,32 South Main St.,PLYMOUTH COUNTY,41.89142,-70.91059,221210,"NN-LDC,W-LDC",1216.3,1311,1497.85,1478.85,1498.95,1569.8,1575.2,1668.4,1760.1,1816.2,1782.5,1896.3,,,,,,,,,,,,,,,,,,,,,,,,,,,,,,,,,,,,,,,,
1007381,110071159550,Minnesota Energy Resources Corporation,MN,Rosemount,MN,55068,2665 145th Street West,DAKOTA COUNTY,44.73922,-93.11919,221210,"NN-LDC,W-LDC",25805.6,26665.85,26296.2,,,,,,,,,,,,,,,,,,,,,,,,,,,,,,,,,,,,,,,,,,,,,,,,,
1006494,110071161121,Montana Dakota Utilities Co. - North Dakota,ND,Bismarck,ND,58501,400 North Fourth Street,BURLEIGH COUNTY,46.824344,-100.659753,221210,NN-LDC,,,,,,,,,,,7381.65,7245.3,,,,,,,,,,,,,,,,,,,,,,,,,,,,,,,,,,,,,,,,
1006495,110071161992,Montana Dakota Utilities Co. - South Dakota,SD,Bismarck,ND,58501,400 North Fourth Street,BURLEIGH COUNTY,46.824344,-100.659753,221210,NN-LDC,,,,,,,,,,,5303.65,5280.55,,,,,,,,,,,,,,,,,,,,,,,,,,,,,,,,,,,,,,,,
1006496,110071161160,Montana Dakota Utilities Co. - Wyoming,WY,Bismarck,ND,58501,400 North Fourth Street,BURLEIGH COUNTY,46.824344,-100.659753,221210,NN-LDC,,,,,,,,,,,2370.8,2354.05,,,,,,,,,,,,,,,,,,,,,,,,,,,,,,,,,,,,,,,,
1002218,110071161716,Montana-Dakota Utilities Co. - Montana,MT,Bismarck,ND,58501,400 N 4th Street,BURLEIGH COUNTY,46.824344,-100.659753,221210,NN-LDC,,,,,,,,,,,5384.9,5333.5,,,,,,,,,,,,,,,,,,,,,,,,,,,,,,,,,,,,,,,,
1006687,110071160692,Mountaineer Gas Company,WV,Charleston,WV,25304,501 56th St SE,KANAWHA COUNTY,38.383407,-81.67473,221210,"NN-LDC,W-LDC",127178.55,131673.25,138774.1,141933.4,144852.4,145392.6,147930.35,154658.2,157885.85,155934.65,154906.65,155179.45,,,,,,,,,,,,,,,,,,,,,,,,,,,,,,,,,,,,,,,,
1007020,110071159900,Murray Natural Gas,KY,Murray,KY,42071,200 Andrus Dr,CALLOWAY COUNTY,36.61977,-88.29808,221210,"NN-LDC,W-LDC",1244.4,1412.95,1400.2,1363.95,1343.85,1312.1,1271.6,1224,1145.4,1090.05,1053.8,1021.2,,,,,,,,,,,,,,,,,,,,,,,,,,,,,,,,,,,,,,,,
1002603,110071160502,NIAGARA MOHAWK POWER CORPORATION,NY,Syracuse,NY,13202,300 Erie Boulevard West,ONONDAGA COUNTY,43.05078,-76.15739,221121,"NN-LDC,W-LDC",164134.1,170045.35,175758.25,179187.55,186241.3,192586.65,201362,203217.55,209814.15,215235.8,221592.75,227200.15,,,,,,,,,,,,,,,,,,,,,,,,,,,,,,,,,,,,,,,,
1004163,110071160244,NICOR GAS,IL,NAPERVILLE,IL,60563,1844 W. FERRY ROAD,DUPAGE COUNTY,41.796293,-88.197415,221210,"NN-LDC,W-LDC",148749.75,143046.7,135628.8,140398.6,136048.35,136852.15,147686.8,146378.65,176265.25,182140.2,175794.4,179946.65,,,,,,,,,,,,,,,,,,,,,,,,,,,,,,,,,,,,,,,,
1006398,110043969550,NIPSCO GAS,IN,Merrillville,IN,46410,801 E. 86th Avenue,LAKE COUNTY,41.46339,-87.32624,221210,"NN-LDC,W-LDC",144381.292,146426.192,133713.572,126306.722,125465.222,125793.872,128670.206,111325.472,115120.756,117401.306,121424.556,131347.506,,,,,,,,,,,,,,,,,,,,,,,,,,,,,,,,,,,,,,,,
1002199,110071161779,NORTHWESTERN ENERGY/GTS,MT,BUTTE,MT,59701,11 E. Park,SILVER BOW COUNTY,46.013787,-112.534853,486210,"NN-LDC,W-LDC",26050.9,25524.45,25209.65,25356.25,24916.5,24825.4,24745.3,24506.25,25083.4,25091.4,24540.4,26022.4,,,,,,,,,,,,,,,,,,,,,,,,,,,,,,,,,,,,,,,,
1001277,110071159601,NSTAR Gas Company,MA,Westwood,MA,02090,1 NSTAR Way,NORFOLK COUNTY,42.20446,-71.15937,221210,"NN-LDC,W-LDC",84415.15,90647.1,96080.95,99988.9,105294.3,110810.65,116290.046,127304.6,129337.7,126945.248,130314.398,133330.698,,,,,,,,,,,,,,,,,,,,,,,,,,,,,,,,,,,,,,,,
1007039,110071159796,NW Natural - Oregon,OR,Portland,OR,97204,250 SW Taylor Street,MULTNOMAH COUNTY,45.52471,-122.67244,221210,"NN-LDC,W-LDC",57735.75,57416.35,57589.55,57543.8,57375.85,57261.4,57556.05,56310.15,59112,59294.9,59623.1,59714.55,,,,,,,,,,,,,,,,,,,,,,,,,,,,,,,,,,,,,,,,
1011405,,NW Natural - Washington,WA,Portland,OR,97204,250 SW Taylor Street,,45.370186,-122.588485,221210,"NN-LDC,W-LDC",9014.65,8920.45,8790.85,8647.9,8460.45,8182.9,7983.85,7824.3,7769.3,7666.45,7665.7,7642.35,,,,,,,,,,,,,,,,,,,,,,,,,,,,,,,,,,,,,,,,
1005663,110071160628,National Fuel Gas Distribution Corp - Pennsylvania,PA,Erie,PA,16501,1100 State Street,,42.96506,-78.71458,221210,"NN-LDC,W-LDC",81030,84018.55,86494.45,88823.25,90263.8,96007.8,101141.8,103600.15,106119.85,108164.45,110942.6,95658.2,,,,,,,,,,,,,,,,,,,,,,,,,,,,,,,,,,,,,,,,
1003066,110071161720,National Fuel Gas Distribution Corporation,NY,Williamsville,NY,14221,6363 Main Street,ERIE COUNTY,42.96609,-78.71452,221210,"NN-LDC,W-LDC",137735.15,145704.65,152701.25,160220.85,168897.45,177010.15,183850.8,191900.5,201236.5,209224.05,218370.4,235299.8,,,,,,,,,,,,,,,,,,,,,,,,,,,,,,,,,,,,,,,,
1011341,110059688921,New Albany Municipal Gas System,,New Albany,MS,38652,100 Cleveland Street,UNION,34.49538,-89.00637,221210,"NN-LDC,W-LDC",,,,,,,,,2637,1254.8,1469.8,1450.8,,,,,,,,,,,,,,,,,,,,,,,,,,,,,,,,,,,,,,,,
1002582,110071161066,New Jersey Resources,NJ,wall township,NJ,07719,1415 Wyckoff Rd.,MONMOUTH COUNTY,40.21115,-74.12659,221210,"NN-LDC,W-LDC",33898.3,33565.4,38478.55,39907.75,45764.35,49612.2,56367.25,68372.05,76885.35,78929.7,94139.9,95588,,,,,,,,,,,,,,,,,,,,,,,,,,,,,,,,,,,,,,,,
1001626,110071159537,New Mexico Gas Company,NM,Albuquerque,NM,87109,7120 Wyoming Blvd. NE Ste. 20,BERNALILLO COUNTY,35.15927,-106.55982,221210,"NN-LDC,W-LDC",56542.25,56122.65,55649.5,55479.45,54826.75,53873.7,53959.4,55377.7,66393.1,64133.6,62605.1,60270.15,,,,,,,,,,,,,,,,,,,,,,,,,,,,,,,,,,,,,,,,
1003642,110071161404,New York State Electric and Gas,NY,Binghamton,NY,13904,18 Link Drive,BROOME COUNTY,42.10448,-75.8245,221210,"NN-LDC,W-LDC",35608.65,36618.45,37635.65,39812.4,38782.45,40354.6,41863.05,44708.95,55688,51224.35,49892.2,194921.948,,,,,,,,,,,,,,,,,,,,,,,,,,,,,,,,,,,,,,,,
1009724,110071160965,NorthWestern Energy NE LDC,NE,Butte,MT,59701,11 E. Park,SILVER BOW COUNTY,46.060023,-112.490614,221210,"NN-LDC,W-LDC",3826.85,4050.15,4071.15,4120.5,5587.2,4883.15,4921.65,7789.45,3970.6,3800.6,3811.6,4012.9,,,,,,,,,,,,,,,,,,,,,,,,,,,,,,,,,,,,,,,,
1002986,110071162240,"NorthWestern Energy, SD LDC",SD,Butte,MT,59701,11 E. Park,SILVER BOW COUNTY,46.013787,-112.534853,221210,"NN-LDC,W-LDC",7211.45,7191.45,7154.6,7164.35,6915.8,6851.55,7241.2,6761.35,6628.25,6605.15,6804.25,6779.1,,,,,,,,,,,,,,,,,,,,,,,,,,,,,,,,,,,,,,,,
1003203,110071160846,"Northern States Power Company, A Minnesota Corporation",MN,Minneapolis,MN,55401,414 Nicollet Mall,HENNEPIN COUNTY,44.97927,-93.27022,221210,"NN-LDC,W-LDC",57141.442,57907.294,56904.494,56612.142,55895.45,55733.65,56321.2,70258.9,48339.448,48393.748,53979.448,56511.198,,,,,,,,,,,,,,,,,,,,,,,,,,,,,,,,,,,,,,,,
1000091,110071159598,Norwich,CT,NORWICH,CT,06360,16 S GOLDEN ST,New London,41.5269,-72.0631,221210,"NN-LDC,W-LDC",1849.2,2006.75,2148.1,2219.35,2434.4,2728.45,2735.7,3016.1,3223.05,3840.35,3925.05,4312.45,,,,,,,,,,,,,,,,,,,,,,,,,,,,,,,,,,,,,,,,
1007071,110071160135,ORANGE & ROCKLAND UTILITY,NY,PEARL RIVER,NY,10965,ONE BLUE HILL PLAZA,ROCKLAND COUNTY,41.059825,-74.012385,221210,NN-LDC,,,,,,,,21323.1,22869,23403.85,24191.6,25315.5,,,,,,,,,,,,,,,,,,,,,,,,,,,,,,,,,,,,,,,,
1000205,110071161799,Okaloosa Gas District,FL,Valparaiso,FL,32580,364 Valparaiso Pkwy,OKALOOSA COUNTY,30.50967,-86.49619,221210,"NN-LDC,W-LDC",23754.1,24468.5,25404.35,25973.8,26428.3,26667.1,27126.2,23877.7,27920.7,28940.4,30656.4,29974.6,,,,,,,,,,,,,,,,,,,,,,,,,,,,,,,,,,,,,,,,
1004108,110071160980,Oklahoma Natural Gas Co.,OK,Oklahoma City,OK,73101,401 N. Harvey,OKLAHOMA COUNTY,35.47121,-97.51788,221210,"NN-LDC,W-LDC",152060.6,148826.7,149571.85,153549.15,159667.2,162173.55,156144.5,159325.3,164920.75,170913.2,189506.95,188410.3,,,,,,,,,,,,,,,,,,,,,,,,,,,,,,,,,,,,,,,,
1005251,110043796283,Orwell Natural Gas Co.,,Mentor,OH,44060,8500 Station St. Suite 100,LAKE COUNTY,41.67937,-81.33588,221210,NN-LDC,,,,,,,,,,1538.55,1264.5,1223.15,,,,,,,,,,,,,,,,,,,,,,,,,,,,,,,,,,,,,,,,
1005256,110071161948,PACIFIC GAS AND ELECTRIC COMPANY,CA,SAN FRANCISCO,CA,94105,77 BEALE STREET,SAN FRANCISCO COUNTY,37.79134,-122.39604,221210,"NN-LDC,W-LDC",276007.8,279593.6,281735.2,284127.1,279784.15,276659.1,273985.4,274509.5,268237.65,254217.3,264033.65,278705.85,,,,,,,,,,,,,,,,,,,,,,,,,,,,,,,,,,,,,,,,
1002791,110071161373,PECO Gas Division,PA,Philadelphia,PA,19101,2301 Market Street  S7-2,PHILADELPHIA COUNTY,39.95415,-75.17781,221210,"NN-LDC,W-LDC",110210.6,110208.6,118167.5,122967.9,133141.2,142343.846,157802.346,162849.946,166780.996,172516.746,178651.246,182739.396,,,,,,,,,,,,,,,,,,,,,,,,,,,,,,,,,,,,,,,,
1002812,110071162126,PSE&G,NJ,Newark,NJ,07102,80 Park Plaza,ESSEX COUNTY,40.735075,-74.173906,221210,"NN-LDC,W-LDC",491656.39,528490.342,567606.192,594470.74,635715.346,672914.336,699464.884,729672.236,754544.088,763475.036,777769.19,795575.592,,,,,,,,,,,,,,,,,,,,,,,,,,,,,,,,,,,,,,,,
1004567,110071160216,PSNC,NC,Gastonia,NC,28056,"800 Gaston Road, Bld A",GASTON COUNTY,35.227797,-81.108574,221210,"NN-LDC,W-LDC",55377.7,54606.95,54076.85,54535.85,54826.15,56605.6,53793.8,49710.1,50187,53831.5,50164.1,48675.5,,,,,,,,,,,,,,,,,,,,,,,,,,,,,,,,,,,,,,,,
1008931,110071161061,Paris-Henry County Public Utility District,TN,Paris,TN,38242,215 West Wood St.,HENRY COUNTY,36.30189,-88.32659,221210,"NN-LDC,W-LDC",,0,0,0,0,0,0,0,133563.6,,,,,,,,,,,,,,,,,,,,,,,,,,,,,,,,,,,,,,,,,,,
1010644,110071160745,Peoples Gas Company Pennsylvania,PA,Pittsburgh,PA,15212,375 North Shore Drive,YORK COUNTY,40.063571,-76.720493,221210,"NN-LDC,W-LDC",45804.6,47487.7,50878.05,51314.3,52146.3,60647,53186.75,56066.7,53030.35,57304.5,65895.9,,,,,,,,,,,,,,,,,,,,,,,,,,,,,,,,,,,,,,,,,
1004429,110071160472,"Peoples Natural Gas Company, LLC",PA,Pittsburgh,PA,15221,1201 Pitt Street,ALLEGHENY COUNTY,40.44692,-79.88594,221210,"NN-LDC,W-LDC",200550.75,213317.05,224360.6,223733.65,230062.75,243864.1,245432,251092.65,187430.3,189408.2,194173.55,193108.25,,,,,,,,,,,,,,,,,,,,,,,,,,,,,,,,,,,,,,,,
1006569,110071161714,Philadelphia Gas Works - Corporate,PA,Philadelphia,PA,19122,800 West Montgomery Avenue,PHILADELPHIA COUNTY,39.97907,-75.14869,221210,"NN-LDC,W-LDC",254377.39,261041.94,268746.84,275048.2,283067,289413.25,298083.9,304955.7,311122.85,316510.2,296400.55,300833.7,,,,,,,,,,,,,,,,,,,,,,,,,,,,,,,,,,,,,,,,
1001583,110043972387,Piedmont Natural Gas - North Carolina,NC,Charlotte,NC,28210,4720 Piedmont Row Drive,MECKLENBURG COUNTY,35.15187,-80.83978,221210,"NN-LDC,W-LDC",148130.42,148094.7,146272.2,152464,158304.9,142743.6,157912.9,149580,139038.958,120360.002,114566.464,105422.464,,,,,,,,,,,,,,,,,,,,,,,,,,,,,,,,,,,,,,,,
1001582,110071162330,Piedmont Natural Gas - South Carolina,SC,Charlotte,NC,28210,4720 Piedmont Row Drive,MECKLENBURG COUNTY,35.15187,-80.83978,221210,"NN-LDC,W-LDC",17397.15,17361.5,18004.2,17759.3,17553.6,17224.45,18339.6,16054.65,18456.2,16701.95,16532.3,16429.25,,,,,,,,,,,,,,,,,,,,,,,,,,,,,,,,,,,,,,,,
1005857,110071159597,Piedmont Natural Gas - Tennessee,TN,Charlotte,NC,28210,4720 Piedmont Row Drive,MECKLENBURG COUNTY,35.15187,-80.83978,221210,"NN-LDC,W-LDC",29351.9,44990.7,43418.65,35187.2,30534.7,31830.4,29942.7,31418.9,32917.84,34180.59,24613.69,24896.49,,,,,,,,,,,,,,,,,,,,,,,,,,,,,,,,,,,,,,,,
1002895,110071161697,Public Service Company of Colorado,CO,Denver,CO,80202,1800 Larimer Street,DENVER COUNTY,39.75107,-104.99502,221210,"NN-LDC,W-LDC",175634.25,193670.7,191975.6,185908.8,184926.45,188475.3,192661.25,206534.2,191428.25,188368.4,212685.35,169216.95,,,,,,,,,,,,,,,,,,,,,,,,,,,,,,,,,,,,,,,,
1005387,110043790092,Puget Sound Energy LDC,WA,Bellevue,WA,98004,10885 NE 4th St,KING COUNTY,47.61373,-122.19453,221210,"NN-LDC,W-LDC",66913.478,64595.446,64321.796,61437.9,61071.25,60615.35,58710.5,58609.65,60381.6,61069.25,61475.4,76306.7,,,,,,,,,,,,,,,,,,,,,,,,,,,,,,,,,,,,,,,,
1003576,110071161403,Rochester Gas & Electric Corp,NY,Rochester,NY,14649,89 East Avenue,MONROE COUNTY,43.2689,-77.6294,221122,"NN-LDC,W-LDC",28058.8,29663.45,29124.1,32033,26473.2,34796.7,36564,50543.3,56331.2,63172.85,64215.55,64074.55,,,,,,,,,,,,,,,,,,,,,,,,,,,,,,,,,,,,,,,,
1005435,110071159463,Rock Energy Cooperative,IL,Janesville,WI,53547,2815 Kennedy Rd.,ROCK COUNTY,42.716023,-89.005927,221210,"NN-LDC,W-LDC",821,828.15,976.85,809.15,,,,,,,,,,,,,,,,,,,,,,,,,,,,,,,,,,,,,,,,,,,,,,,,
1007125,110071160774,SAN DIEGO GAS & ELECTRIC (LDC),CA,SAN DIEGO,CA,92123,8316 CENTURY PARK CT,SAN DIEGO COUNTY,32.823398,-117.144081,221210,"NN-LDC,W-LDC",54706.15,54514.35,54646.55,53750.45,53605.75,53475.15,53329.45,53089.65,52626.6,53007.25,54268.6,55750.6,,,,,,,,,,,,,,,,,,,,,,,,,,,,,,,,,,,,,,,,
1004654,110071161206,SCE&G Gas Operations,SC,Cayce,SC,29033,220 Operations Way,LEXINGTON COUNTY,33.957997,-81.04796,221210,"NN-LDC,W-LDC",46312.3,44885.5,43949.65,43344.7,42916.7,42467.45,40606.15,40912.55,39617.8,38439.3,39700.7,36806.6,,,,,,,,,,,,,,,,,,,,,,,,,,,,,,,,,,,,,,,,
1003026,110071161228,SEMCO Energy Gas Company,MI,Port Huron,MI,48060,"1411 Third St, Suite A",ST. CLAIR COUNTY,42.975187,-82.464445,221210,"NN-LDC,W-LDC",33435.494,35698.892,34972.342,35822.392,37598.04,34201.398,33219.35,34638,29741.95,30815.1,44444.4,49108.9,,,,,,,,,,,,,,,,,,,,,,,,,,,,,,,,,,,,,,,,
1005209,110071159194,SOUTHERN CALIFORNIA GAS CO End User Emissions (LDC),CA,LOS ANGELES,CA,90013,555 WEST 5TH STREET,LOS ANGELES COUNTY,34.043925,-118.242429,221210,"NN-LDC,W-LDC",1251821.35,1255796.9,1309064.6,1307009.35,1313835.4,1318934.65,1330007.05,1331063.35,1333549.55,1357408.55,1385094,1350349.7,,,,,,,,,,,,,,,,,,,,,,,,,,,,,,,,,,,,,,,,
1011114,,Sandpiper Energy,MD,Salisbury,MD,21804,32145 Beaver Run Dr,,39.114747,-75.750871,221210,"NN-LDC,W-LDC",,1416.2,1407.95,1342.6,1088.8,,,,,,,,,,,,,,,,,,,,,,,,,,,,,,,,,,,,,,,,,,,,,,,
1007602,110071160155,South Jersey Gas Company,NJ,Folsom,NJ,08037,One South Jersey Plaza,ATLANTIC COUNTY,39.643728,-74.757115,221210,"NN-LDC,W-LDC",46984.894,50302.694,49214.996,69898.496,74436.644,58469.396,76226.694,85360.444,95445.692,110119.494,116747.346,135229.942,,,,,,,,,,,,,,,,,,,,,,,,,,,,,,,,,,,,,,,,
1005674,110071159484,Southern Connecticut Gas Company,CT,Orange,CT,06477,60 Marsh Hill Rd,NEW HAVEN COUNTY,41.25052,-72.9996,221210,"NN-LDC,W-LDC",98606.24,102612.542,101594.496,106245.496,106257.746,106270.746,105965.246,108400.346,93035.296,111497.346,116657.396,117965.946,,,,,,,,,,,,,,,,,,,,,,,,,,,,,,,,,,,,,,,,
1004112,110071160442,Southern Indiana Gas & Electric Company,IN,Evansville,IN,47711,One Vectren Square,VANDERBURGH COUNTY,38.005965,-87.549475,221210,"NN-LDC,W-LDC",20091.7,22494.6,24105.25,25784.25,30447.1,32651.05,39493.4,42364,41115.4,38850.4,39159.7,32726.15,,,,,,,,,,,,,,,,,,,,,,,,,,,,,,,,,,,,,,,,
1000178,110042747347,"Southern Missouri Natural Gas, LP",,Mountain Grove,MO,65711,500 W 19th Street,WRIGHT,37.1461,-92.26276,221210,"NN-LDC,W-LDC",,,,,,,,,,,,3240.65,,,,,,,,,,,,,,,,,,,,,,,,,,,,,,,,,,,,,,,,
1006640,110071160910,Southwest Gas - Arizona,AZ,Las Vegas,NV,89150,5241 Spring Mountain Road,CLARK COUNTY,36.12604,-115.21297,221210,"NN-LDC,W-LDC",96499.6,93945,92960.2,91980.35,90696.1,89646.3,89008,88973.5,88544.15,88350.55,87819.45,87957.85,,,,,,,,,,,,,,,,,,,,,,,,,,,,,,,,,,,,,,,,
1006638,110071162171,Southwest Gas - California,CA,Las Vegas,NV,89150,5241 Spring Mountain Road,CLARK COUNTY,36.12604,-115.21297,221210,"NN-LDC,W-LDC",15162.45,15053,14920.5,14669.3,14627.6,14545,14524.9,14337.3,13906.2,13874.2,13920.7,14444.4,,,,,,,,,,,,,,,,,,,,,,,,,,,,,,,,,,,,,,,,
1006639,110071159970,Southwest Gas - Nevada,NV,Las vegas,NV,89150,5241 Spring Mountain Road,CLARK COUNTY,36.12604,-115.21297,221210,"NN-LDC,W-LDC",46642.85,44579.1,43754.2,42860.35,42285.7,40643.8,39855.5,39820.2,39418.4,39415.75,39377.4,39273.7,,,,,,,,,,,,,,,,,,,,,,,,,,,,,,,,,,,,,,,,
1005967,110071161141,Spire Alabama,AL,BIRMINGHAM,AL,35203,2101 6th Avenue North,JEFFERSON COUNTY,33.520058,-86.807637,221210,"NN-LDC,W-LDC",146851.85,156817.5,163435.7,171376.05,179189.7,189498.7,193834.4,203083.5,211882.65,224042.8,233396.8,240680.45,,,,,,,,,,,,,,,,,,,,,,,,,,,,,,,,,,,,,,,,
1003336,110071161339,Spire Gulf Inc.,AL,Mobile,AL,36606,2828 Dauphin St,MOBILE COUNTY,30.68858,-88.10822,221210,"NN-LDC,W-LDC",10820.25,12087.85,13457.45,14640.35,17519.1,20968.55,22589.1,24618,26580.35,27941.35,28275.05,30453.05,,,,,,,,,,,,,,,,,,,,,,,,,,,,,,,,,,,,,,,,
1001688,110071160157,Spire Mississippi,MS,Hattiesburg,MS,39401,1614 West 4th Street,FORREST COUNTY,31.214868,-89.284725,221210,"NN-LDC,W-LDC",3298.95,3062.85,3065.7,3088.95,3105.95,4089.3,4917.05,4995.15,3887.25,3875.75,3804.1,4022.6,,,,,,,,,,,,,,,,,,,,,,,,,,,,,,,,,,,,,,,,
1002544,110071159522,Spire Missouri East,MO,St. Louis,MO,63101,700 Market Street,ST. LOUIS CITY,38.628363,-90.191527,221210,"NN-LDC,W-LDC",72833.45,79336.65,85133.8,93380.4,100841.9,108138.45,114874.9,119587.1,123352.3,127181.9,130477.45,137779.8,,,,,,,,,,,,,,,,,,,,,,,,,,,,,,,,,,,,,,,,
1004482,110071160005,Spire Missouri West,MO,KANSAS CITY,MO,64129,7500 E. 35th Terrace,JACKSON COUNTY,39.06574,-94.59022,221210,"NN-LDC,W-LDC",50571.95,53079.85,55148.45,57243.95,61509.7,64918.7,63038.65,64854.9,64739.6,66154.7,68554,66944.6,,,,,,,,,,,,,,,,,,,,,,,,,,,,,,,,,,,,,,,,
1011282,,Summit Natural Gas of Maine,ME,Centennial,CO,80112,10825 E. Geddes Avenue,,39.57429,-105.13314,221210,NN-LDC,,,,,,882.6,874.85,834.25,0,154.95,,,,,,,,,,,,,,,,,,,,,,,,,,,,,,,,,,,,,,,,,,
1009519,110071160793,Summit Natural Gas of Missouri,MO,Centennial,CO,80112,10825 E. Geddes Avenue,JEFFERSON COUNTY,39.57454,-105.13351,221210,NN-LDC,,,,,,5130.7,5063.35,5043.6,4188.5,4159.5,3629.15,1038.7,,,,,,,,,,,,,,,,,,,,,,,,,,,,,,,,,,,,,,,,
1006297,110071162237,"Summit Utilities Inc., Arkansas (Arkansas)",AR,Centennial,CO,80112,10825 E. Geddes Ave.; Suite 410,HARRIS COUNTY,29.75761,-95.36826,221210,"NN-LDC,W-LDC",59382.5,59464.85,84578.3,84898.45,85471.65,86344.65,89800.1,94936.8,99102.8,103079,113552.3,114576.4,,,,,,,,,,,,,,,,,,,,,,,,,,,,,,,,,,,,,,,,
1014465,,"Summit Utilities Inc., Arkansas (Texas)",TX,Centennial,CO,80112,10825 E. Geddes Ave.; Suite 410,,39.5868243740439,-104.86254628744,221210,"NN-LDC,W-LDC",1643.75,,,,,,,,,,,,,,,,,,,,,,,,,,,,,,,,,,,,,,,,,,,,,,,,,,,
1004195,110071160440,"Summit Utilities Inc., Oklahoma",OK,Centennial,CO,80112,10825 E. Geddes Ave.; Suite 410,HARRIS COUNTY,29.75761,-95.36826,221210,"NN-LDC,W-LDC",14605.35,14708.95,19057.9,18606.65,19248.45,18955.3,19146.6,18985.65,18702.25,18767.6,18921.3,18398.6,,,,,,,,,,,,,,,,,,,,,,,,,,,,,,,,,,,,,,,,
1006771,110071160872,TECO Peoples Gas,FL,Tampa,FL,33602,702 North Franklin Street,HILLSBOROUGH COUNTY,27.95029,-82.4591,221210,"NN-LDC,W-LDC",62981.998,62741.196,62191.746,63313.596,65088.098,68628.65,72156.848,75741.4,84723.85,85845.25,87600.8,88242.2,,,,,,,,,,,,,,,,,,,,,,,,,,,,,,,,,,,,,,,,
1002482,110071161188,THE BROOKLYN UNION GAS COMPANY,NY,Brooklyn,NY,11201,One MetroTech Center,KINGS COUNTY,40.698677,-73.985941,221210,"NN-LDC,W-LDC",187837.086,190925.88,196321.73,199259.232,210776.49,224083.24,230766.046,244514.594,249673.75,254887.3,260724.4,264418.3,,,,,,,,,,,,,,,,,,,,,,,,,,,,,,,,,,,,,,,,
1002604,110071160503,THE NARRAGANSETT ELECTRIC COMPANY,RI,Providence,RI,02907,280 Melrose Street,PROVIDENCE COUNTY,41.795681,-71.426968,221210,"NN-LDC,W-LDC",126553.15,133351,137393.4,142505.35,143813.35,148417.2,153486.55,158820.2,166207.3,171913.5,177858.95,183717.65,,,,,,,,,,,,,,,,,,,,,,,,,,,,,,,,,,,,,,,,
1004336,110071160981,Texas Gas Service,TX,Austin,TX,78746,1301 S Mopac Expressway,TRAVIS COUNTY,30.26229,-97.78925,221210,"NN-LDC,W-LDC",118138.95,119995.75,120718.3,122463.15,125045.35,121184.15,83601.45,86958.25,88593.35,92681.85,95723.2,89782.75,,,,,,,,,,,,,,,,,,,,,,,,,,,,,,,,,,,,,,,,
1001966,110071159549,The Peoples Gas Light and Coke Company,IL,CHICAGO,IL,60601,200 East Randolph Street,COOK COUNTY,41.88448,-87.62312,221210,"NN-LDC,W-LDC",161088.422,162831.386,170851.634,177267.724,180884.884,186802.584,193236.034,200625.932,209965.428,188999.576,227270.378,253816.084,,,,,,,,,,,,,,,,,,,,,,,,,,,,,,,,,,,,,,,,
1005723,110071159222,Trussville Utilities,AL,Trussville,AL,35173,127 Main Street,JEFFERSON COUNTY,33.621523,-86.602293,221210,"NN-LDC,W-LDC",2210.45,2210.95,2193.35,2191.1,2201.7,2189.65,2195.15,2520.348,2035.5,140797.098,86321.4,,,,,,,,,,,,,,,,,,,,,,,,,,,,,,,,,,,,,,,,,
1005569,110043797371,"UGI Central Penn Gas, Inc.",PA,Reading,PA,19612,"2525 North 12th Street, Suite 360",BERKS COUNTY,40.372376,-75.915056,221210,"NN-LDC,W-LDC",,,,,,44153.85,44320.9,45276.65,46217.65,53742.25,47058.55,47722.9,,,,,,,,,,,,,,,,,,,,,,,,,,,,,,,,,,,,,,,,
1005570,110043797371,"UGI Penn Natural Gas, Inc.",PA,Reading,PA,19612,"2525 North 12th Street, Suite 360",BERKS COUNTY,40.372376,-75.915056,221210,"NN-LDC,W-LDC",,,,,,47397.6,49937.05,51535,54763.4,53899.4,54670.05,55802,,,,,,,,,,,,,,,,,,,,,,,,,,,,,,,,,,,,,,,,
1007356,110071160012,"UGI Utilities, Inc.",PA,Denver,PA,17517,1 UGI Drive,,40.372376,-75.915056,221210,"NN-LDC,W-LDC",120632.2,136750.1,142290.55,155734.85,162177.8,84624.4,83763.45,82624.3,95862.1,96592.9,102015.05,104757.85,,,,,,,,,,,,,,,,,,,,,,,,,,,,,,,,,,,,,,,,
1000600,110071160542,UNS Gas,AZ,Flagstaff,AZ,86001,"2901 W. Shamrell Blvd., Suite 110",COCONINO COUNTY,35.13778,-111.68052,221210,"NN-LDC,W-LDC",15116.05,15049.2,15004.85,14880.65,14787.3,14709.95,14645.85,14650.1,14587.6,14601.5,14559.25,15272.65,,,,,,,,,,,,,,,,,,,,,,,,,,,,,,,,,,,,,,,,
1005533,110055510371,"Valley Energy, Inc.",,Sayre,PA,18840,523 S. Keystone Ave.,BRADFORD,41.97389,-76.52394,221210,W-LDC,,,,,,,,,682.7,673.2,771.6,744.95,,,,,,,,,,,,,,,,,,,,,,,,,,,,,,,,,,,,,,,,
1004296,110071160413,Vectren Energy Delivery of Ohio,OH,Evansville,IN,47708,One Vectren Square,VANDERBURGH COUNTY,37.973424,-87.575423,221210,"NN-LDC,W-LDC",40787.6,41753.55,44842.8,47929.2,72367.95,87471.55,87037.15,100216.95,100529.05,116278.65,205052.6,124906.9,,,,,,,,,,,,,,,,,,,,,,,,,,,,,,,,,,,,,,,,
1003922,110071160358,"Vermont Gas Systems, Inc.",VT,South Burlington,VT,05403,85 Swift Street,CHITTENDEN COUNTY,44.449349,-73.160781,221210,"NN-LDC,W-LDC",4100.9,4100.9,4067.15,4047.65,0,,3792,3646.9,2920.7,0,2735.45,0,,,,,,,,,,,,,,,,,,,,,,,,,,,,,,,,,,,,,,,,
1004180,110043793909,Virginia Natural Gas,VA,Norfolk,VA,23510,150 West Main Street,NORFOLK CITY,36.84668,-76.29339,221210,"NN-LDC,W-LDC",48960,50813.9,47680.3,48038.3,48674.6,50871.45,54638.1,56035.1,57473.45,55081.1,58479.35,66367.25,,,,,,,,,,,,,,,,,,,,,,,,,,,,,,,,,,,,,,,,
1001917,110071160959,WASHINGTON GAS LIGHT COMPANY,DC,SPRINGFIELD,VA,22151,6801 INDUSTRIAL ROAD,FAIRFAX COUNTY,38.79844,-77.1793,221210,"NN-LDC,W-LDC",68847.9,69894.45,71355.9,71449.85,69425.1,69501.45,70482.4,72068.3,71956.95,73345.05,73934,75153.25,,,,,,,,,,,,,,,,,,,,,,,,,,,,,,,,,,,,,,,,
1004120,110071160445,WISCONSIN ELECTRIC POWER COMPANY,WI,MILWAUKEE,WI,53201,231 W. MICHIGAN ST.,MILWAUKEE COUNTY,43.03741,-87.91381,221210,"NN-LDC,W-LDC",42659.9,56173.35,55083.3,53784.3,52856.85,50016.2,45791.6,42796.65,42393.25,41731.7,41513.25,41609.85,,,,,,,,,,,,,,,,,,,,,,,,,,,,,,,,,,,,,,,,
1004293,110071160446,WISCONSIN GAS COMPANY,WI,MILWAUKEE,WI,53201,231 W. MICHIGAN ST.,MILWAUKEE COUNTY,43.03741,-87.91381,221210,"NN-LDC,W-LDC",51884,61520.1,60831.95,60052.8,59729.9,58311.95,53117,50032.2,50717.35,50396.2,49166.95,50422.95,,,,,,,,,,,,,,,,,,,,,,,,,,,,,,,,,,,,,,,,
1007849,110071160721,Washington Gas Light Company (MD),MD,Springfield,VA,22151,6801 Industrial Road,FAIRFAX COUNTY,38.79844,-77.1793,221210,"NN-LDC,W-LDC",53696.19,56109.484,57544.182,57147.282,58853.08,58792.134,55534.5,62029.434,68236,69060.882,65670.9,67338.95,,,,,,,,,,,,,,,,,,,,,,,,,,,,,,,,,,,,,,,,
1007850,110071160723,Washington Gas Light Company (VA),VA,Springfield,VA,22151,6801 Industrial Rd,FAIRFAX COUNTY,38.79844,-77.1793,221210,"NN-LDC,W-LDC",50913.942,51067.844,51588.694,49972.994,51288.044,51786.196,51417,55172.74,55778.75,58602.594,58641.95,59807.85,,,,,,,,,,,,,,,,,,,,,,,,,,,,,,,,,,,,,,,,
1003558,110071160538,Waterville Gas & Oil Company,OH,Waterville,OH,43566,700 Farnsworth Rd.,LUCAS COUNTY,41.49916,-83.72712,221210,W-LDC,1215,,,,,,,,,,,,,,,,,,,,,,,,,,,,,,,,,,,,,,,,,,,,,,,,,,,
1011115,110010642073,"West Texas Gas Utility, LLC",TX,Midland,TX,79705,303 Veterans Airpark Ln. Ste 5000,MIDLAND COUNTY,31.99906,-102.07688,221210,"NN-LDC,W-LDC",30517.2,31463.65,31068.65,31950.75,32660.8,33870.3,33632,35567.8,34701.35,35376.5,35376.5,35376.5,,,,,,,,,,,,,,,,,,,,,,,,,,,,,,,,,,,,,,,,
1002025,110071161924,Wisconsin Power & Light Gas Distribution,WI,Madison,WI,53718,4902 North Biltmore Lane,DANE COUNTY,43.15217,-89.29536,221210,"NN-LDC,W-LDC",22877.25,22191.1,21372.8,21428.4,20268.65,19805,19571.7,19264.2,17636.5,18285.1,18021.1,17562.298,,,,,,,,,,,,,,,,,,,,,,,,,,,,,,,,,,,,,,,,
1002250,110071160885,Wisconsin Public Service Corporation,WI,Green Bay,WI,54307,700 North Adams,BROWN COUNTY,44.518347,-88.011616,221210,"NN-LDC,W-LDC",39906.348,39715.648,39796.998,40010.548,38662.8,37547.798,36968.098,35729.348,35367.198,35362.198,35333.698,34779.498,,,,,,,,,,,,,,,,,,,,,,,,,,,,,,,,,,,,,,,,
1007107,110071161440,Yankee Gas Supply,CT,Berlin,CT,06037,107 Selden Street,HARTFORD COUNTY,41.614604,-72.780642,221210,"NN-LDC,W-LDC",43090.15,46409.15,51184.85,53548.5,57892.45,64348.5,68485.25,71560.7,73415.15,76849,80528.65,84401.1,,,,,,,,,,,,,,,,,,,,,,,,,,,,,,,,,,,,,,,,