Summary data collected by the Greenhouse Gas Reporting Program,,,,,,,,,,,,,,,,,,,,,,,,,,,,,,,,,,,,,,,,,,,,,,,,,,,,,,,,,,
This data was reported to EPA by facilities as of 8/18/2023,,,,,,,,,,,,,,,,,,,,,,,,,,,,,,,,,,,,,,,,,,,,,,,,,,,,,,,,,,
All emissions data is presented in units of metric tons of carbon dioxide equivalent using GWP's from IPCC's AR4 (see FAQs tab).,,,,,,,,,,,,,,,,,,,,,,,,,,,,,,,,,,,,,,,,,,,,,,,,,,,,,,,,,,
Facility Id,FRS Id,Facility Name,State where Emissions Occur,Reported City,Reported State,Reported Zip Code,Reported Address,Reported County,Reported Latitude,Reported Longitude,Primary NAICS Code,Latest Reported Industry Type (subparts),2022 Total reported direct emissions from Transmission Pipelines,2021 Total reported direct emissions from Transmission Pipelines,2020 Total reported direct emissions from Transmission Pipelines,2019 Total reported direct emissions from Transmission Pipelines,2018 Total reported direct emissions from Transmission Pipelines,2017 Total reported direct emissions from Transmission Pipelines,2016 Total reported direct emissions from Transmission Pipelines,,,,,,,,,,,,,,,,,,,,,,,,,,,,,,,,,,,,,,,
1012420,110071162048,Algonquin Gas Transmission L.L.C.,Connecticut,Houston,TX,77056,5400 Westheimer Court,HARRIS COUNTY,29.74013,-95.47309,486210,W-TRANS,,1541.8,1036.7,7735.4,717.3,10773.15,1264.25,,,,,,,,,,,,,,,,,,,,,,,,,,,,,,,,,,,,,,,
1012420,110071162048,Algonquin Gas Transmission L.L.C.,Massachusetts,Houston,TX,77056,5400 Westheimer Court,HARRIS COUNTY,29.74013,-95.47309,486210,W-TRANS,,1815.35,337.4,3347.65,23,264.55,7515.45,,,,,,,,,,,,,,,,,,,,,,,,,,,,,,,,,,,,,,,
1012420,110071162048,Algonquin Gas Transmission L.L.C.,New Jersey,Houston,TX,77056,5400 Westheimer Court,HARRIS COUNTY,29.74013,-95.47309,486210,W-TRANS,,1294.5,9.75,465.75,1520.8,19.25,,,,,,,,,,,,,,,,,,,,,,,,,,,,,,,,,,,,,,,,
1012420,110071162048,Algonquin Gas Transmission L.L.C.,New York,Houston,TX,77056,5400 Westheimer Court,HARRIS COUNTY,29.74013,-95.47309,486210,W-TRANS,,612.95,39.5,4692.15,7092.2,1551.05,24960.05,,,,,,,,,,,,,,,,,,,,,,,,,,,,,,,,,,,,,,,
1012420,110071162048,Algonquin Gas Transmission L.L.C.,Rhode Island,Houston,TX,77056,5400 Westheimer Court,HARRIS COUNTY,29.74013,-95.47309,486210,W-TRANS,,537.1,83.6,15,16.75,,192.95,,,,,,,,,,,,,,,,,,,,,,,,,,,,,,,,,,,,,,,
1012922,,Alpine High Pipeline,Texas,Midland,TX,79705,303 Veterans Airpark Lane Suite 2000,,32.0344725722637,-102.088028818375,221210,W-TRANS,,,,,37094.07,,,,,,,,,,,,,,,,,,,,,,,,,,,,,,,,,,,,,,,,,
1013856,110070930991,Atmos Pipeline Texas,Texas,Dallas,TX,75240,5430 LBJ Freeway,DALLAS COUNTY,32.92548,-96.81613,486210,W-TRANS,21465.0903622,27230.8686137,84077.6194957,112132.0227041,204567.9400664,146756.1295839,115793.6763288,,,,,,,,,,,,,,,,,,,,,,,,,,,,,,,,,,,,,,,
1012634,110062051880,Consumers Energy Company - Transmission Pipeline,Michigan,Jackson,MI,49201,One Energy Plaza,JACKSON COUNTY,42.24668,-84.40311,486210,W-TRANS,139434.4035415,,,,,,,,,,,,,,,,,,,,,,,,,,,,,,,,,,,,,,,,,,,,,
1010455,110059765384,"DCP Midstream, LP",Colorado,Denver,CO,80202,"370 17th Street, Suite 2500",DENVER COUNTY,39.74369,-104.98777,211130,"MM-EXP,W-TRANS",,,,,136.007,,,,,,,,,,,,,,,,,,,,,,,,,,,,,,,,,,,,,,,,,
1010455,110059765384,"DCP Midstream, LP",Kansas,Denver,CO,80202,"370 17th Street, Suite 2500",DENVER COUNTY,39.74369,-104.98777,211130,"MM-EXP,W-TRANS",,,,1977.629,,,,,,,,,,,,,,,,,,,,,,,,,,,,,,,,,,,,,,,,,,
1010455,110059765384,"DCP Midstream, LP",New Mexico,Denver,CO,80202,"370 17th Street, Suite 2500",DENVER COUNTY,39.74369,-104.98777,211130,"MM-EXP,W-TRANS",,,10.012,2113.68,2201.862,,,,,,,,,,,,,,,,,,,,,,,,,,,,,,,,,,,,,,,,,
1010455,110059765384,"DCP Midstream, LP",Oklahoma,Denver,CO,80202,"370 17th Street, Suite 2500",DENVER COUNTY,39.74369,-104.98777,211130,"MM-EXP,W-TRANS",,,1405.6,13793.242,8565.494,,,,,,,,,,,,,,,,,,,,,,,,,,,,,,,,,,,,,,,,,
1010455,110059765384,"DCP Midstream, LP",Texas,Denver,CO,80202,"370 17th Street, Suite 2500",DENVER COUNTY,39.74369,-104.98777,211130,"MM-EXP,W-TRANS",,,3135.463,371.027,277.294,,,,,,,,,,,,,,,,,,,,,,,,,,,,,,,,,,,,,,,,,
1013773,110004647142,Dominion Energy Ohio - Transmission Pipelines (TPL),Ohio,Cleveland,OH,44103,1201 East 55th Street,CUYAHOGA COUNTY,41.52712,-81.652,221210,W-TRANS,5197.776773,1641.8501064,8104.6147728,38219.408,,,,,,,,,,,,,,,,,,,,,,,,,,,,,,,,,,,,,,,,,,
1013663,110070716075,EGT Arkansas,Arkansas,Oklahoma City,OK,73100,"499 W. Sheridan, Suite 1500",OKLAHOMA COUNTY,35.46646,-97.52124,486210,W-TRANS,9278.99582,16037.787264,29838.4,52247.007492,,,,,,,,,,,,,,,,,,,,,,,,,,,,,,,,,,,,,,,,,,
1013663,110070716075,EGT Arkansas,Oklahoma,Oklahoma City,OK,73100,"499 W. Sheridan, Suite 1500",OKLAHOMA COUNTY,35.46646,-97.52124,486210,W-TRANS,10102.2581395,,,,,,,,,,,,,,,,,,,,,,,,,,,,,,,,,,,,,,,,,,,,,
1013663,110070716075,EGT Arkansas,Texas,Oklahoma City,OK,73100,"499 W. Sheridan, Suite 1500",OKLAHOMA COUNTY,35.46646,-97.52124,486210,W-TRANS,696.25597,,,,,,,,,,,,,,,,,,,,,,,,,,,,,,,,,,,,,,,,,,,,,
1013059,110070716075,EGT Kansas,Kansas,Oklahoma City,OK,73100,"499 W. Sheridan, Suite 1500",OKLAHOMA COUNTY,35.46646,-97.52124,486210,W-TRANS,,,0.010488,,,37791.211618,,,,,,,,,,,,,,,,,,,,,,,,,,,,,,,,,,,,,,,,
1014306,110070716075,EGT Louisiana,Louisiana,Oklahoma City,OK,73100,"499 W. Sheridan, Suite 1500",OKLAHOMA COUNTY,35.46646,-97.52124,486210,W-TRANS,,68344.724581,,,,,,,,,,,,,,,,,,,,,,,,,,,,,,,,,,,,,,,,,,,,
1013062,110070716075,EGT Texas,Texas,Oklahoma City,OK,73100,"499 W. Sheridan, Suite 1500",OKLAHOMA COUNTY,35.46646,-97.52124,486210,W-TRANS,,375.596656,21424.973696,,0.027382,138913.066218,,,,,,,,,,,,,,,,,,,,,,,,,,,,,,,,,,,,,,,,
1013050,110071162102,EOIT Oklahoma,Oklahoma,Oklahoma City,OK,73100,"499 W. Sheridan, Suite 1500",OKLAHOMA COUNTY,35.46646,-97.52124,486210,W-TRANS,7006.82863,6031.986132,29417.35836,10777.366013,49835.427794,37295.739545,,,,,,,,,,,,,,,,,,,,,,,,,,,,,,,,,,,,,,,,
1012139,110071162392,Eastern Gas Transmission and Storage - Transmission Pipelines (TPL),Maryland,Bridgeport,WV,26330,925 White Oaks Blvd,HARRISON COUNTY,39.33367,-80.23478,486210,W-TRANS,347.4118584,14.7366593,18.4116936,5813.2732055,3140.966538,11012.4951136,5261.7863285,,,,,,,,,,,,,,,,,,,,,,,,,,,,,,,,,,,,,,,
1012139,110071162392,Eastern Gas Transmission and Storage - Transmission Pipelines (TPL),New York,Bridgeport,WV,26330,925 White Oaks Blvd,HARRISON COUNTY,39.33367,-80.23478,486210,W-TRANS,9337.2861042,12420.2959807,13314.3353622,12759.2842035,37099.0823905,30794.4126303,29554.3332535,,,,,,,,,,,,,,,,,,,,,,,,,,,,,,,,,,,,,,,
1012139,110071162392,Eastern Gas Transmission and Storage - Transmission Pipelines (TPL),Ohio,Bridgeport,WV,26330,925 White Oaks Blvd,HARRISON COUNTY,39.33367,-80.23478,486210,W-TRANS,1673.0098781,1265.6730478,3681.9265186,1.0415651,7710.9151501,9208.707063,56827.2632829,,,,,,,,,,,,,,,,,,,,,,,,,,,,,,,,,,,,,,,
1012139,110071162392,Eastern Gas Transmission and Storage - Transmission Pipelines (TPL),Pennsylvania,Bridgeport,WV,26330,925 White Oaks Blvd,HARRISON COUNTY,39.33367,-80.23478,486210,W-TRANS,25576.5968788,51034.5565712,20589.7091404,27322.648862,88983.9911327,96861.7481846,68998.4165439,,,,,,,,,,,,,,,,,,,,,,,,,,,,,,,,,,,,,,,
1012139,110071162392,Eastern Gas Transmission and Storage - Transmission Pipelines (TPL),Virginia,Bridgeport,WV,26330,925 White Oaks Blvd,HARRISON COUNTY,39.33367,-80.23478,486210,W-TRANS,168.402535,541.0695469,1288.9396676,347.306537,136.4872128,11770.621544,33575.6936083,,,,,,,,,,,,,,,,,,,,,,,,,,,,,,,,,,,,,,,
1012139,110071162392,Eastern Gas Transmission and Storage - Transmission Pipelines (TPL),West Virginia,Bridgeport,WV,26330,925 White Oaks Blvd,HARRISON COUNTY,39.33367,-80.23478,486210,W-TRANS,30848.1213174,38460.1971743,26431.8749203,25004.5836793,15082.0454394,30997.3175758,14331.4384206,,,,,,,,,,,,,,,,,,,,,,,,,,,,,,,,,,,,,,,
1012829,110056361930,Enbridge - Vector Transmission Pipeline Segment,Michigan,Houston,TX,77002,"1100 Louisiana Street, Suite 3300",HARRIS COUNTY,29.7574,-95.36843,486210,W-TRANS,,1141.9134,33.1280802,,,,,,,,,,,,,,,,,,,,,,,,,,,,,,,,,,,,,,,,,,,
1012699,110055594129,"Equitrans, LP - Transmission Pipeline",Ohio,Pittsburgh,PA,15222,"625 Liberty Avenue, Suite 1700",ALLEGHENY COUNTY,40.442188,-80.000854,486210,W-TRANS,,2.1200517,,,,,,,,,,,,,,,,,,,,,,,,,,,,,,,,,,,,,,,,,,,,
1012699,110055594129,"Equitrans, LP - Transmission Pipeline",Pennsylvania,Pittsburgh,PA,15222,"625 Liberty Avenue, Suite 1700",ALLEGHENY COUNTY,40.442188,-80.000854,486210,W-TRANS,643.9748012,7801.8958968,4977.2924149,11854.7581032,4126.4554455,21280.1873886,38274.034,,,,,,,,,,,,,,,,,,,,,,,,,,,,,,,,,,,,,,,
1012699,110055594129,"Equitrans, LP - Transmission Pipeline",West Virginia,Pittsburgh,PA,15222,"625 Liberty Avenue, Suite 1700",ALLEGHENY COUNTY,40.442188,-80.000854,486210,W-TRANS,182.0313035,2462.0927491,523.7627702,9724.4424187,3814.4479327,4551.8270462,9729.717,,,,,,,,,,,,,,,,,,,,,,,,,,,,,,,,,,,,,,,
1012775,110070082493,Gulf South Pipeline Blowdowns,Alabama,Houston,TX,77046,"9 Greenway Plaza, Suite 2800",HARRIS COUNTY,29.73177,-95.43444,486210,W-TRANS,227.01,81.34,,7.76,47.55,6266.72,,,,,,,,,,,,,,,,,,,,,,,,,,,,,,,,,,,,,,,,
1012775,110070082493,Gulf South Pipeline Blowdowns,Florida,Houston,TX,77046,"9 Greenway Plaza, Suite 2800",HARRIS COUNTY,29.73177,-95.43444,486210,W-TRANS,,,,,,,651.5,,,,,,,,,,,,,,,,,,,,,,,,,,,,,,,,,,,,,,,
1012775,110070082493,Gulf South Pipeline Blowdowns,Louisiana,Houston,TX,77046,"9 Greenway Plaza, Suite 2800",HARRIS COUNTY,29.73177,-95.43444,486210,W-TRANS,1155.08,3781.86,19431.14,19145.31,17749.2,37249.42,23166.94,,,,,,,,,,,,,,,,,,,,,,,,,,,,,,,,,,,,,,,
1012775,110070082493,Gulf South Pipeline Blowdowns,Mississippi,Houston,TX,77046,"9 Greenway Plaza, Suite 2800",HARRIS COUNTY,29.73177,-95.43444,486210,W-TRANS,7564.22,14379.57,7896.85,1221.66,6895.44,12755.7,348.4,,,,,,,,,,,,,,,,,,,,,,,,,,,,,,,,,,,,,,,
1012775,110070082493,Gulf South Pipeline Blowdowns,Texas,Houston,TX,77046,"9 Greenway Plaza, Suite 2800",HARRIS COUNTY,29.73177,-95.43444,486210,W-TRANS,3619.92,6574.32,5300.61,45960.71,1387.85,69986.89,68286.43,,,,,,,,,,,,,,,,,,,,,,,,,,,,,,,,,,,,,,,
1013893,110070930997,MRT Louisiana,Arkansas,Oklahoma City,OK,73100,"499 W. Sheridan, Suite 1500",OKLAHOMA COUNTY,35.46646,-97.52124,486210,W-TRANS,21.7488986,,,,,,,,,,,,,,,,,,,,,,,,,,,,,,,,,,,,,,,,,,,,,
1013893,110070930997,MRT Louisiana,Illinois,Oklahoma City,OK,73100,"499 W. Sheridan, Suite 1500",OKLAHOMA COUNTY,35.46646,-97.52124,486210,W-TRANS,20519.7982555,,,,,,,,,,,,,,,,,,,,,,,,,,,,,,,,,,,,,,,,,,,,,
1013893,110070930997,MRT Louisiana,Louisiana,Oklahoma City,OK,73100,"499 W. Sheridan, Suite 1500",OKLAHOMA COUNTY,35.46646,-97.52124,486210,W-TRANS,698.0784719,1216.687142,44859.948649,,,,,,,,,,,,,,,,,,,,,,,,,,,,,,,,,,,,,,,,,,,
1013893,110070930997,MRT Louisiana,Missouri,Oklahoma City,OK,73100,"499 W. Sheridan, Suite 1500",OKLAHOMA COUNTY,35.46646,-97.52124,486210,W-TRANS,4060.79877,,,,,,,,,,,,,,,,,,,,,,,,,,,,,,,,,,,,,,,,,,,,,
1012979,110043783064,MountainWest Pipeline - Transmission Pipelines (TPL),Colorado,Salt Lake City,UT,84111,333 South State Street,SALT LAKE COUNTY,40.76497,-111.92439,486210,W-TRANS,,970.574276,8.673994,61.571,435.754067,,,,,,,,,,,,,,,,,,,,,,,,,,,,,,,,,,,,,,,,,
1012979,110043783064,MountainWest Pipeline - Transmission Pipelines (TPL),Utah,Salt Lake City,UT,84111,333 South State Street,SALT LAKE COUNTY,40.76497,-111.92439,486210,W-TRANS,,2272.129902,1898.691634,4783.587,32612.5430106,,,,,,,,,,,,,,,,,,,,,,,,,,,,,,,,,,,,,,,,,
1012979,110043783064,MountainWest Pipeline - Transmission Pipelines (TPL),Wyoming,Salt Lake City,UT,84111,333 South State Street,SALT LAKE COUNTY,40.76497,-111.92439,486210,W-TRANS,,9455.109986,2400.1169661,226.585,8539.7963552,,,,,,,,,,,,,,,,,,,,,,,,,,,,,,,,,,,,,,,,,
1012255,110070082214,NIPSCO Gas Transmission Pipeline,Indiana,Merrillville,IN,46410,801 E. 86th Avenue,LAKE COUNTY,41.46339,-87.32624,486210,W-TRANS,,,,1155.5282687,426.5446586,491.5114345,35525.9,,,,,,,,,,,,,,,,,,,,,,,,,,,,,,,,,,,,,,,
1012732,110070082469,Northern Natural Gas - Transmission Pipeline,Iowa,Omaha,NE,68124,1111 S. 103rd Street,DOUGLAS COUNTY,41.24817,-96.07309,486210,W-TRANS,8829.19,41086.66,17285.93,35965.56,76358.34,19040.43,8187.83,,,,,,,,,,,,,,,,,,,,,,,,,,,,,,,,,,,,,,,
1012732,110070082469,Northern Natural Gas - Transmission Pipeline,Kansas,Omaha,NE,68124,1111 S. 103rd Street,DOUGLAS COUNTY,41.24817,-96.07309,486210,W-TRANS,9882.03,46964.29,44072.54,31443.01,36310.35,22728.05,54228.18,,,,,,,,,,,,,,,,,,,,,,,,,,,,,,,,,,,,,,,
1012732,110070082469,Northern Natural Gas - Transmission Pipeline,Michigan,Omaha,NE,68124,1111 S. 103rd Street,DOUGLAS COUNTY,41.24817,-96.07309,486210,W-TRANS,78.57,228.94,1442.36,50.65,1175.62,12.01,0.5,,,,,,,,,,,,,,,,,,,,,,,,,,,,,,,,,,,,,,,
1012732,110070082469,Northern Natural Gas - Transmission Pipeline,Minnesota,Omaha,NE,68124,1111 S. 103rd Street,DOUGLAS COUNTY,41.24817,-96.07309,486210,W-TRANS,5650.4,8953.25,11424.37,12906.37,6157.6,10339.7,12832.66,,,,,,,,,,,,,,,,,,,,,,,,,,,,,,,,,,,,,,,
1012732,110070082469,Northern Natural Gas - Transmission Pipeline,Nebraska,Omaha,NE,68124,1111 S. 103rd Street,DOUGLAS COUNTY,41.24817,-96.07309,486210,W-TRANS,7718.2,13817.51,52111.01,12009.76,2356.37,1060.54,10265.76,,,,,,,,,,,,,,,,,,,,,,,,,,,,,,,,,,,,,,,
1012732,110070082469,Northern Natural Gas - Transmission Pipeline,New Mexico,Omaha,NE,68124,1111 S. 103rd Street,DOUGLAS COUNTY,41.24817,-96.07309,486210,W-TRANS,348.02,0.5,44,540.5,149,375.75,,,,,,,,,,,,,,,,,,,,,,,,,,,,,,,,,,,,,,,,
1012732,110070082469,Northern Natural Gas - Transmission Pipeline,Oklahoma,Omaha,NE,68124,1111 S. 103rd Street,DOUGLAS COUNTY,41.24817,-96.07309,486210,W-TRANS,38.52,13859.8,10879.33,46.83,,,1715.16,,,,,,,,,,,,,,,,,,,,,,,,,,,,,,,,,,,,,,,
1012732,110070082469,Northern Natural Gas - Transmission Pipeline,South Dakota,Omaha,NE,68124,1111 S. 103rd Street,DOUGLAS COUNTY,41.24817,-96.07309,486210,W-TRANS,2156.79,35.8,615.48,,3,60.33,802.25,,,,,,,,,,,,,,,,,,,,,,,,,,,,,,,,,,,,,,,
1012732,110070082469,Northern Natural Gas - Transmission Pipeline,Texas,Omaha,NE,68124,1111 S. 103rd Street,DOUGLAS COUNTY,41.24817,-96.07309,486210,W-TRANS,4814.34,745.04,9049.69,2234.45,1022.47,6947.92,6429.95,,,,,,,,,,,,,,,,,,,,,,,,,,,,,,,,,,,,,,,
1012732,110070082469,Northern Natural Gas - Transmission Pipeline,Wisconsin,Omaha,NE,68124,1111 S. 103rd Street,DOUGLAS COUNTY,41.24817,-96.07309,486210,W-TRANS,916.89,3061.2,3772.91,41.29,1588.94,386.13,755.81,,,,,,,,,,,,,,,,,,,,,,,,,,,,,,,,,,,,,,,
1013340,110071162483,Northwest Pipeline GP - Pipeline,Colorado,Tulsa,OK,74172,One Williams Center,WAGONER COUNTY,36.08256,-95.67245,486210,W-TRANS,217.3520286,41.543866,,,,,,,,,,,,,,,,,,,,,,,,,,,,,,,,,,,,,,,,,,,,
1013340,110071162483,Northwest Pipeline GP - Pipeline,Idaho,Tulsa,OK,74172,One Williams Center,WAGONER COUNTY,36.08256,-95.67245,486210,W-TRANS,3739.0803976,19.174092,14560.9702972,24405.7051686,22575.7037481,,,,,,,,,,,,,,,,,,,,,,,,,,,,,,,,,,,,,,,,,
1013340,110071162483,Northwest Pipeline GP - Pipeline,Oregon,Tulsa,OK,74172,One Williams Center,WAGONER COUNTY,36.08256,-95.67245,486210,W-TRANS,408.0579411,,,15978.41,1253.5975697,,,,,,,,,,,,,,,,,,,,,,,,,,,,,,,,,,,,,,,,,
1013340,110071162483,Northwest Pipeline GP - Pipeline,Utah,Tulsa,OK,74172,One Williams Center,WAGONER COUNTY,36.08256,-95.67245,486210,W-TRANS,76.8789784,25.565456,,,3993.232922,,,,,,,,,,,,,,,,,,,,,,,,,,,,,,,,,,,,,,,,,
1013340,110071162483,Northwest Pipeline GP - Pipeline,Washington,Tulsa,OK,74172,One Williams Center,WAGONER COUNTY,36.08256,-95.67245,486210,W-TRANS,178.9570707,1491.4613115,5025.9739603,8052.3885113,5118.5832078,,,,,,,,,,,,,,,,,,,,,,,,,,,,,,,,,,,,,,,,,
1013340,110071162483,Northwest Pipeline GP - Pipeline,Wyoming,Tulsa,OK,74172,One Williams Center,WAGONER COUNTY,36.08256,-95.67245,486210,W-TRANS,,,,,449.7283279,,,,,,,,,,,,,,,,,,,,,,,,,,,,,,,,,,,,,,,,,
1013109,110054114702,"ONEOK Gas Transportation, L.L.C.",Oklahoma,Tulsa,OK,74103,100 West Fifth Street,TULSA COUNTY,36.15106,-95.99127,486210,W-TRANS,19451.7602437,14217.4971669,12309.6244555,27995.5412226,,,,,,,,,,,,,,,,,,,,,,,,,,,,,,,,,,,,,,,,,,
1012662,110000844631,PG&E Transmission Blowdown,California,San Francisco,CA,94105,77 Beale Street,SAN FRANCISCO COUNTY,37.79134,-122.39604,221210,W-TRANS,68361.5933942,65902.5964351,105020.4844304,103718.5336749,66488.6421976,120209.4079642,44460.8546715,,,,,,,,,,,,,,,,,,,,,,,,,,,,,,,,,,,,,,,
1013103,110071161914,"Roadrunner Gas Transmission, LLC",Texas,Tulsa,OK,74103,100 West Fifth Street,TULSA COUNTY,36.15106,-95.99127,486210,W-TRANS,,,,801.20313,5.4766069,61735.8243774,,,,,,,,,,,,,,,,,,,,,,,,,,,,,,,,,,,,,,,,
1012276,110040513977,Rockies Express Pipeline,Colorado,Lakewood,CO,80228,370 Van Gordon,JEFFERSON COUNTY,39.722098,-105.135202,486210,W-TRANS,,,,8682.5,,,,,,,,,,,,,,,,,,,,,,,,,,,,,,,,,,,,,,,,,,
1012276,110040513977,Rockies Express Pipeline,Indiana,Lakewood,CO,80228,370 Van Gordon,JEFFERSON COUNTY,39.722098,-105.135202,486210,W-TRANS,,,,,,,43815.7719314,,,,,,,,,,,,,,,,,,,,,,,,,,,,,,,,,,,,,,,
1012276,110040513977,Rockies Express Pipeline,Nebraska,Lakewood,CO,80228,370 Van Gordon,JEFFERSON COUNTY,39.722098,-105.135202,486210,W-TRANS,,,,,,30829.52,,,,,,,,,,,,,,,,,,,,,,,,,,,,,,,,,,,,,,,,
1012276,110040513977,Rockies Express Pipeline,Ohio,Lakewood,CO,80228,370 Van Gordon,JEFFERSON COUNTY,39.722098,-105.135202,486210,W-TRANS,,,,,15566.7543587,949.59,86499.0714511,,,,,,,,,,,,,,,,,,,,,,,,,,,,,,,,,,,,,,,
1012752,110018967313,Southern California Gas Co Transmission,California,Los Angeles,CA,90013,555 W. 5th Street,LOS ANGELES COUNTY,34.04997,-118.25358,486210,W-TRANS,7837.496,8921.641,34954.105,63454.896,51955.162,85224.043,64272.328,,,,,,,,,,,,,,,,,,,,,,,,,,,,,,,,,,,,,,,
1012587,110070082383,Southern Star Central Gas Pipeline,Colorado,Owensboro,KY,42304,4700 KY Highway 56 West,,37.7531071,-87.1796099,486210,W-TRANS,0.1643494,,,,,,,,,,,,,,,,,,,,,,,,,,,,,,,,,,,,,,,,,,,,,
1012587,110070082383,Southern Star Central Gas Pipeline,Kansas,Owensboro,KY,42304,4700 KY Highway 56 West,,37.7531071,-87.1796099,486210,W-TRANS,3026.2341606,21338.4947485,28538.402814,51403.5763458,33949.1875555,3634.1331996,24902.95,,,,,,,,,,,,,,,,,,,,,,,,,,,,,,,,,,,,,,,
1012587,110070082383,Southern Star Central Gas Pipeline,Missouri,Owensboro,KY,42304,4700 KY Highway 56 West,,37.7531071,-87.1796099,486210,W-TRANS,7396.0872843,765.9957398,8.6749126,1626.3633954,1754.3531051,5.7635181,24.78,,,,,,,,,,,,,,,,,,,,,,,,,,,,,,,,,,,,,,,
1012587,110070082383,Southern Star Central Gas Pipeline,Oklahoma,Owensboro,KY,42304,4700 KY Highway 56 West,,37.7531071,-87.1796099,486210,W-TRANS,5021.5849584,11235.8636443,23106.422564,25087.7237216,10397.0697054,21093.016561,7277.9,,,,,,,,,,,,,,,,,,,,,,,,,,,,,,,,,,,,,,,
1012587,110070082383,Southern Star Central Gas Pipeline,Wyoming,Owensboro,KY,42304,4700 KY Highway 56 West,,37.7531071,-87.1796099,486210,W-TRANS,1384.9218389,,,,,,,,,,,,,,,,,,,,,,,,,,,,,,,,,,,,,,,,,,,,,
1012416,110012689082,"Texas Eastern Transmission, LP",Alabama,Houston,TX,77056,5400 Westheimer Court,HARRIS COUNTY,29.74013,-95.47309,486210,W-TRANS,67.1,1824.6,159.2,12463.15,4137.8,2743.41,,,,,,,,,,,,,,,,,,,,,,,,,,,,,,,,,,,,,,,,
1012416,110012689082,"Texas Eastern Transmission, LP",Arkansas,Houston,TX,77056,5400 Westheimer Court,HARRIS COUNTY,29.74013,-95.47309,486210,W-TRANS,50260.15,3051.75,14055.7,,,5688.1,21344.1,,,,,,,,,,,,,,,,,,,,,,,,,,,,,,,,,,,,,,,
1012416,110012689082,"Texas Eastern Transmission, LP",Illinois,Houston,TX,77056,5400 Westheimer Court,HARRIS COUNTY,29.74013,-95.47309,486210,W-TRANS,2131.75,1636.15,,,,,,,,,,,,,,,,,,,,,,,,,,,,,,,,,,,,,,,,,,,,
1012416,110012689082,"Texas Eastern Transmission, LP",Indiana,Houston,TX,77056,5400 Westheimer Court,HARRIS COUNTY,29.74013,-95.47309,486210,W-TRANS,27.75,3490,4197.8,,4168.05,7829.25,536.35,,,,,,,,,,,,,,,,,,,,,,,,,,,,,,,,,,,,,,,
1012416,110012689082,"Texas Eastern Transmission, LP",Kentucky,Houston,TX,77056,5400 Westheimer Court,HARRIS COUNTY,29.74013,-95.47309,486210,W-TRANS,82.6,5653.75,115592.45,84833.7,5152.65,1840.1,1187.9,,,,,,,,,,,,,,,,,,,,,,,,,,,,,,,,,,,,,,,
1012416,110012689082,"Texas Eastern Transmission, LP",Louisiana,Houston,TX,77056,5400 Westheimer Court,HARRIS COUNTY,29.74013,-95.47309,486210,W-TRANS,2946.9,13678.8,1193.9,20726.15,35885.3,36754.05,55782.05,,,,,,,,,,,,,,,,,,,,,,,,,,,,,,,,,,,,,,,
1012416,110012689082,"Texas Eastern Transmission, LP",Maryland,Houston,TX,77056,5400 Westheimer Court,HARRIS COUNTY,29.74013,-95.47309,486210,W-TRANS,6832.4,632.7,4064.95,,2872.05,2181,5210.5,,,,,,,,,,,,,,,,,,,,,,,,,,,,,,,,,,,,,,,
1012416,110012689082,"Texas Eastern Transmission, LP",Mississippi,Houston,TX,77056,5400 Westheimer Court,HARRIS COUNTY,29.74013,-95.47309,486210,W-TRANS,8993.4,6141.1,12116.5,2122.4,4296.5,9026.4,86897.85,,,,,,,,,,,,,,,,,,,,,,,,,,,,,,,,,,,,,,,
1012416,110012689082,"Texas Eastern Transmission, LP",Missouri,Houston,TX,77056,5400 Westheimer Court,HARRIS COUNTY,29.74013,-95.47309,486210,W-TRANS,,2149,,,,,8423.2,,,,,,,,,,,,,,,,,,,,,,,,,,,,,,,,,,,,,,,
1012416,110012689082,"Texas Eastern Transmission, LP",New Jersey,Houston,TX,77056,5400 Westheimer Court,HARRIS COUNTY,29.74013,-95.47309,486210,W-TRANS,428.25,286.3,903,7041.6,1598.3,244.55,1985.05,,,,,,,,,,,,,,,,,,,,,,,,,,,,,,,,,,,,,,,
1012416,110012689082,"Texas Eastern Transmission, LP",New York,Houston,TX,77056,5400 Westheimer Court,HARRIS COUNTY,29.74013,-95.47309,486210,W-TRANS,7,55.85,,36.75,,37,13,,,,,,,,,,,,,,,,,,,,,,,,,,,,,,,,,,,,,,,
1012416,110012689082,"Texas Eastern Transmission, LP",Ohio,Houston,TX,77056,5400 Westheimer Court,HARRIS COUNTY,29.74013,-95.47309,486210,W-TRANS,6239.95,9279.95,2960.4,46532.85,13627.45,45166.75,6504,,,,,,,,,,,,,,,,,,,,,,,,,,,,,,,,,,,,,,,
1012416,110012689082,"Texas Eastern Transmission, LP",Pennsylvania,Houston,TX,77056,5400 Westheimer Court,HARRIS COUNTY,29.74013,-95.47309,486210,W-TRANS,6101.75,6202.35,17983.2,23751.65,14779,11640.65,149857.2,,,,,,,,,,,,,,,,,,,,,,,,,,,,,,,,,,,,,,,
1012416,110012689082,"Texas Eastern Transmission, LP",Tennessee,Houston,TX,77056,5400 Westheimer Court,HARRIS COUNTY,29.74013,-95.47309,486210,W-TRANS,37.5,54.85,78.35,,23052.1,11.5,9293.2,,,,,,,,,,,,,,,,,,,,,,,,,,,,,,,,,,,,,,,
1012416,110012689082,"Texas Eastern Transmission, LP",Texas,Houston,TX,77056,5400 Westheimer Court,HARRIS COUNTY,29.74013,-95.47309,486210,W-TRANS,7822,15182,4120.95,6925.75,11653.9,12947.4,43485.1,,,,,,,,,,,,,,,,,,,,,,,,,,,,,,,,,,,,,,,
1012416,110012689082,"Texas Eastern Transmission, LP",West Virginia,Houston,TX,77056,5400 Westheimer Court,HARRIS COUNTY,29.74013,-95.47309,486210,W-TRANS,4417.35,564.2,15613,4351,7978.95,4394.56,,,,,,,,,,,,,,,,,,,,,,,,,,,,,,,,,,,,,,,,
1012821,110071162191,Texas Gas Pipeline Blowdowns,Arkansas,Houston,TX,77046,"9 Greenway Plaza, Suite 2800",HARRIS COUNTY,29.73177,-95.43444,486210,W-TRANS,74.34,96.36,79.84,1725.74,161.19,,1476.95,,,,,,,,,,,,,,,,,,,,,,,,,,,,,,,,,,,,,,,
1012821,110071162191,Texas Gas Pipeline Blowdowns,Illinois,Houston,TX,77046,"9 Greenway Plaza, Suite 2800",HARRIS COUNTY,29.73177,-95.43444,486210,W-TRANS,,,170.2,,,,,,,,,,,,,,,,,,,,,,,,,,,,,,,,,,,,,,,,,,,
1012821,110071162191,Texas Gas Pipeline Blowdowns,Indiana,Houston,TX,77046,"9 Greenway Plaza, Suite 2800",HARRIS COUNTY,29.73177,-95.43444,486210,W-TRANS,244.03,5527.62,72.58,702.31,3181.92,1338.29,9896.9,,,,,,,,,,,,,,,,,,,,,,,,,,,,,,,,,,,,,,,
1012821,110071162191,Texas Gas Pipeline Blowdowns,Kentucky,Houston,TX,77046,"9 Greenway Plaza, Suite 2800",HARRIS COUNTY,29.73177,-95.43444,486210,W-TRANS,408.22,3864.95,10101.14,6986.55,21543.82,27994,108148.36,,,,,,,,,,,,,,,,,,,,,,,,,,,,,,,,,,,,,,,
1012821,110071162191,Texas Gas Pipeline Blowdowns,Louisiana,Houston,TX,77046,"9 Greenway Plaza, Suite 2800",HARRIS COUNTY,29.73177,-95.43444,486210,W-TRANS,1822.35,10131.67,1687.69,9777.77,12758.2,12765.46,19837.86,,,,,,,,,,,,,,,,,,,,,,,,,,,,,,,,,,,,,,,
1012821,110071162191,Texas Gas Pipeline Blowdowns,Mississippi,Houston,TX,77046,"9 Greenway Plaza, Suite 2800",HARRIS COUNTY,29.73177,-95.43444,486210,W-TRANS,1430.65,14885.4,4304.21,18533.6,30633.3,,16200.67,,,,,,,,,,,,,,,,,,,,,,,,,,,,,,,,,,,,,,,
1012821,110071162191,Texas Gas Pipeline Blowdowns,Ohio,Houston,TX,77046,"9 Greenway Plaza, Suite 2800",HARRIS COUNTY,29.73177,-95.43444,486210,W-TRANS,24.53,4429.6,,,2.75,,7975.44,,,,,,,,,,,,,,,,,,,,,,,,,,,,,,,,,,,,,,,
1012821,110071162191,Texas Gas Pipeline Blowdowns,Tennessee,Houston,TX,77046,"9 Greenway Plaza, Suite 2800",HARRIS COUNTY,29.73177,-95.43444,486210,W-TRANS,1139.06,,373.43,,1877.66,3371.38,16594.37,,,,,,,,,,,,,,,,,,,,,,,,,,,,,,,,,,,,,,,
1012821,110071162191,Texas Gas Pipeline Blowdowns,Texas,Houston,TX,77046,"9 Greenway Plaza, Suite 2800",HARRIS COUNTY,29.73177,-95.43444,486210,W-TRANS,,,,,,3.75,455.02,,,,,,,,,,,,,,,,,,,,,,,,,,,,,,,,,,,,,,,
1012512,110070082336,TransCanada / ANR Pipeline,Arizona,Houston,TX,77002,"700 Louisiana St., Suite 700",,29.7607514125575,-95.3664135891751,486210,W-TRANS,,,,,,12.2075052,,,,,,,,,,,,,,,,,,,,,,,,,,,,,,,,,,,,,,,,
1012512,110070082336,TransCanada / ANR Pipeline,Illinois,Houston,TX,77002,"700 Louisiana St., Suite 700",,29.7607514125575,-95.3664135891751,486210,W-TRANS,3912.3080438,23264.9560512,5419.1279694,17220.115,10861.51,21490.5962292,27657.7147,,,,,,,,,,,,,,,,,,,,,,,,,,,,,,,,,,,,,,,
1012512,110070082336,TransCanada / ANR Pipeline,Indiana,Houston,TX,77002,"700 Louisiana St., Suite 700",,29.7607514125575,-95.3664135891751,486210,W-TRANS,3053.5517036,54176.8988737,77275.5305794,50386.579,71887.58,666.6877441,88719.8933,,,,,,,,,,,,,,,,,,,,,,,,,,,,,,,,,,,,,,,
1012512,110070082336,TransCanada / ANR Pipeline,Iowa,Houston,TX,77002,"700 Louisiana St., Suite 700",,29.7607514125575,-95.3664135891751,486210,W-TRANS,10286.1223662,19832.2543237,31642.9629403,28.507,7085.41,17.2475523,11277.093,,,,,,,,,,,,,,,,,,,,,,,,,,,,,,,,,,,,,,,
1012512,110070082336,TransCanada / ANR Pipeline,Kansas,Houston,TX,77002,"700 Louisiana St., Suite 700",,29.7607514125575,-95.3664135891751,486210,W-TRANS,,9716.3741581,67531.1428935,209.216,,34898.0207118,43638.7797,,,,,,,,,,,,,,,,,,,,,,,,,,,,,,,,,,,,,,,
1012512,110070082336,TransCanada / ANR Pipeline,Kentucky,Houston,TX,77002,"700 Louisiana St., Suite 700",,29.7607514125575,-95.3664135891751,486210,W-TRANS,1795.4888898,,,,,,34594.6272,,,,,,,,,,,,,,,,,,,,,,,,,,,,,,,,,,,,,,,
1012512,110070082336,TransCanada / ANR Pipeline,Louisiana,Houston,TX,77002,"700 Louisiana St., Suite 700",,29.7607514125575,-95.3664135891751,486210,W-TRANS,1561.4518799,5145.3084716,15933.5700163,45174.298,1053.21,2179.8705627,868.3125,,,,,,,,,,,,,,,,,,,,,,,,,,,,,,,,,,,,,,,
1012512,110070082336,TransCanada / ANR Pipeline,Michigan,Houston,TX,77002,"700 Louisiana St., Suite 700",,29.7607514125575,-95.3664135891751,486210,W-TRANS,,24934.2052871,52064.7039762,14686.171,4538.48,14228.5869293,,,,,,,,,,,,,,,,,,,,,,,,,,,,,,,,,,,,,,,,
1012512,110070082336,TransCanada / ANR Pipeline,Mississippi,Houston,TX,77002,"700 Louisiana St., Suite 700",,29.7607514125575,-95.3664135891751,486210,W-TRANS,1011.188944,10948.4665533,3234.135185,102.618,20558.69,6499.2821811,742.33563,,,,,,,,,,,,,,,,,,,,,,,,,,,,,,,,,,,,,,,
1012512,110070082336,TransCanada / ANR Pipeline,Missouri,Houston,TX,77002,"700 Louisiana St., Suite 700",,29.7607514125575,-95.3664135891751,486210,W-TRANS,,1266.9319961,,,8132.62,,,,,,,,,,,,,,,,,,,,,,,,,,,,,,,,,,,,,,,,,
1012512,110070082336,TransCanada / ANR Pipeline,Montana,Houston,TX,77002,"700 Louisiana St., Suite 700",,29.7607514125575,-95.3664135891751,486210,W-TRANS,,,8017.071347,,,24802.8749696,0.9131,,,,,,,,,,,,,,,,,,,,,,,,,,,,,,,,,,,,,,,
1012512,110070082336,TransCanada / ANR Pipeline,New Hampshire,Houston,TX,77002,"700 Louisiana St., Suite 700",,29.7607514125575,-95.3664135891751,486210,W-TRANS,,,,580.942,,,,,,,,,,,,,,,,,,,,,,,,,,,,,,,,,,,,,,,,,,
1012512,110070082336,TransCanada / ANR Pipeline,Ohio,Houston,TX,77002,"700 Louisiana St., Suite 700",,29.7607514125575,-95.3664135891751,486210,W-TRANS,7.7311043,1955.7594383,869.3989839,,2686.35,4648.8955632,1559.5969,,,,,,,,,,,,,,,,,,,,,,,,,,,,,,,,,,,,,,,
1012512,110070082336,TransCanada / ANR Pipeline,Oklahoma,Houston,TX,77002,"700 Louisiana St., Suite 700",,29.7607514125575,-95.3664135891751,486210,W-TRANS,1069.8796166,,9.2446515,,2028.59,3684.16482,2473.4574,,,,,,,,,,,,,,,,,,,,,,,,,,,,,,,,,,,,,,,
1012512,110070082336,TransCanada / ANR Pipeline,Tennessee,Houston,TX,77002,"700 Louisiana St., Suite 700",,29.7607514125575,-95.3664135891751,486210,W-TRANS,225.9931956,15556.0215369,4666.0883324,15.743,8425.46,1270.8131652,,,,,,,,,,,,,,,,,,,,,,,,,,,,,,,,,,,,,,,,
1012512,110070082336,TransCanada / ANR Pipeline,Wisconsin,Houston,TX,77002,"700 Louisiana St., Suite 700",,29.7607514125575,-95.3664135891751,486210,W-TRANS,752.2951784,,9180.176333,2866.477,573.41,26888.1305188,,,,,,,,,,,,,,,,,,,,,,,,,,,,,,,,,,,,,,,,
1012473,110070082311,TransCanada / Columbia Gas Transmission,Delaware,Houston,TX,77002,"700 Louisiana St., Suite 700",,29.7606,-95.36588,486210,W-TRANS,,0.0787078,0.0054788,0.012364,0.0173475,,,,,,,,,,,,,,,,,,,,,,,,,,,,,,,,,,,,,,,,,
1012473,110070082311,TransCanada / Columbia Gas Transmission,Kentucky,Houston,TX,77002,"700 Louisiana St., Suite 700",,29.7606,-95.36588,486210,W-TRANS,,133.3673736,40.55,37.943,52.81,4549.99,8129.36,,,,,,,,,,,,,,,,,,,,,,,,,,,,,,,,,,,,,,,
1012473,110070082311,TransCanada / Columbia Gas Transmission,Maryland,Houston,TX,77002,"700 Louisiana St., Suite 700",,29.7606,-95.36588,486210,W-TRANS,,9.0514906,10.4166919,5.65065,6.01,1639.89,2931.87,,,,,,,,,,,,,,,,,,,,,,,,,,,,,,,,,,,,,,,
1012473,110070082311,TransCanada / Columbia Gas Transmission,New Jersey,Houston,TX,77002,"700 Louisiana St., Suite 700",,29.7606,-95.36588,486210,W-TRANS,,0.4464525,0.004793,,0.4806,,,,,,,,,,,,,,,,,,,,,,,,,,,,,,,,,,,,,,,,,
1012473,110070082311,TransCanada / Columbia Gas Transmission,New York,Houston,TX,77002,"700 Louisiana St., Suite 700",,29.7606,-95.36588,486210,W-TRANS,,107.5191146,2.543881,3831.614,234.52,2548.94,4560.5,,,,,,,,,,,,,,,,,,,,,,,,,,,,,,,,,,,,,,,
1012473,110070082311,TransCanada / Columbia Gas Transmission,North Carolina,Houston,TX,77002,"700 Louisiana St., Suite 700",,29.7606,-95.36588,486210,W-TRANS,,0.5684522,0.004793,,0.0455,,,,,,,,,,,,,,,,,,,,,,,,,,,,,,,,,,,,,,,,,
1012473,110070082311,TransCanada / Columbia Gas Transmission,Ohio,Houston,TX,77002,"700 Louisiana St., Suite 700",,29.7606,-95.36588,486210,W-TRANS,17743.6639081,17243.2854504,132774.8021247,7975.814,501.08,35611.53,63643.07,,,,,,,,,,,,,,,,,,,,,,,,,,,,,,,,,,,,,,,
1012473,110070082311,TransCanada / Columbia Gas Transmission,Pennsylvania,Houston,TX,77002,"700 Louisiana St., Suite 700",,29.7606,-95.36588,486210,W-TRANS,13302.4608836,9415.1853436,19858.13,13544.105,37.79,12969.19,30949.91,,,,,,,,,,,,,,,,,,,,,,,,,,,,,,,,,,,,,,,
1012473,110070082311,TransCanada / Columbia Gas Transmission,Virginia,Houston,TX,77002,"700 Louisiana St., Suite 700",,29.7606,-95.36588,486210,W-TRANS,5134.6700572,3778.4323516,1167.6371478,10518.994,4053.17,9041.42,16154.86,,,,,,,,,,,,,,,,,,,,,,,,,,,,,,,,,,,,,,,
1012473,110070082311,TransCanada / Columbia Gas Transmission,West Virginia,Houston,TX,77002,"700 Louisiana St., Suite 700",,29.7606,-95.36588,486210,W-TRANS,19757.4582694,14752.4160307,7363.5971098,88033.83,61805.96,16491.25,36406.44,,,,,,,,,,,,,,,,,,,,,,,,,,,,,,,,,,,,,,,
1012501,110070082330,TransCanada / Columbia Gulf Transmission,Kentucky,Houston,TX,77002,"700 Louisiana St., Suite 700",,29.7607514125575,-95.3664135891751,486210,W-TRANS,1220.2298184,93422.4037722,9059.4434671,651,57833.89,14522.95,14396.35,,,,,,,,,,,,,,,,,,,,,,,,,,,,,,,,,,,,,,,
1012501,110070082330,TransCanada / Columbia Gulf Transmission,Louisiana,Houston,TX,77002,"700 Louisiana St., Suite 700",,29.7607514125575,-95.3664135891751,486210,W-TRANS,,375.9328917,7.8827423,75,166.94,28754.35,28504.11,,,,,,,,,,,,,,,,,,,,,,,,,,,,,,,,,,,,,,,
1012501,110070082330,TransCanada / Columbia Gulf Transmission,Mississippi,Houston,TX,77002,"700 Louisiana St., Suite 700",,29.7607514125575,-95.3664135891751,486210,W-TRANS,2.7619562,8269.7282463,1.9976216,1902,21453.72,13162.2,13046.79,,,,,,,,,,,,,,,,,,,,,,,,,,,,,,,,,,,,,,,
1012501,110070082330,TransCanada / Columbia Gulf Transmission,Tennessee,Houston,TX,77002,"700 Louisiana St., Suite 700",,29.7607514125575,-95.3664135891751,486210,W-TRANS,,2.1076418,22673.3232633,551,58525.43,5458.15,11200.16,,,,,,,,,,,,,,,,,,,,,,,,,,,,,,,,,,,,,,,
1014359,,TransCanada / Gas Transmission Northwest,Idaho,Houston,TX,77002,"700 Louisana St., Suite 700",,29.7607514125575,-95.3664135891751,486210,W-TRANS,4341.1559423,50591.169084,,,,,,,,,,,,,,,,,,,,,,,,,,,,,,,,,,,,,,,,,,,,
1014359,,TransCanada / Gas Transmission Northwest,Oregon,Houston,TX,77002,"700 Louisana St., Suite 700",,29.7607514125575,-95.3664135891751,486210,W-TRANS,8709.6342964,,,,,,,,,,,,,,,,,,,,,,,,,,,,,,,,,,,,,,,,,,,,,
1014359,,TransCanada / Gas Transmission Northwest,Washington,Houston,TX,77002,"700 Louisana St., Suite 700",,29.7607514125575,-95.3664135891751,486210,W-TRANS,1245.1785618,6198.1645434,,,,,,,,,,,,,,,,,,,,,,,,,,,,,,,,,,,,,,,,,,,,
1013397,,TransCanada / Great Lakes Transmission Co,Michigan,Houston,TX,77002,"700 Louisana St., Suite 700",,29.760776,-95.366306,486210,W-TRANS,564.12543,7145.6987592,13318.9132217,30160,,,,,,,,,,,,,,,,,,,,,,,,,,,,,,,,,,,,,,,,,,
1013397,,TransCanada / Great Lakes Transmission Co,Minnesota,Houston,TX,77002,"700 Louisana St., Suite 700",,29.760776,-95.366306,486210,W-TRANS,16112.5709882,38146.5778627,35507.3550945,14517,,,,,,,,,,,,,,,,,,,,,,,,,,,,,,,,,,,,,,,,,,
1013397,,TransCanada / Great Lakes Transmission Co,Wisconsin,Houston,TX,77002,"700 Louisana St., Suite 700",,29.760776,-95.366306,486210,W-TRANS,,,68.8897734,12815,,,,,,,,,,,,,,,,,,,,,,,,,,,,,,,,,,,,,,,,,,
1012701,110071162187,Transcontinental Gas Pipe Line Company - Pipeline,Alabama,Tulsa,OK,74172,One Williams Center,WAGONER COUNTY,36.08256,-95.67245,486210,W-TRANS,1971.1651359,666.8067662,3954.0740765,53169.6686641,26108.0570439,120909.2913438,2626.2323066,,,,,,,,,,,,,,,,,,,,,,,,,,,,,,,,,,,,,,,
1012701,110071162187,Transcontinental Gas Pipe Line Company - Pipeline,Delaware,Tulsa,OK,74172,One Williams Center,WAGONER COUNTY,36.08256,-95.67245,486210,W-TRANS,,,378.0287821,,,,,,,,,,,,,,,,,,,,,,,,,,,,,,,,,,,,,,,,,,,
1012701,110071162187,Transcontinental Gas Pipe Line Company - Pipeline,Georgia,Tulsa,OK,74172,One Williams Center,WAGONER COUNTY,36.08256,-95.67245,486210,W-TRANS,,,12104.3453262,13209.5600222,50.1095052,14235.4096128,8076.0077624,,,,,,,,,,,,,,,,,,,,,,,,,,,,,,,,,,,,,,,
1012701,110071162187,Transcontinental Gas Pipe Line Company - Pipeline,Louisiana,Tulsa,OK,74172,One Williams Center,WAGONER COUNTY,36.08256,-95.67245,486210,W-TRANS,1283.2637247,1069.6031375,5281.8487115,13684.5225969,21149.0411163,13909.2564582,13812.8109031,,,,,,,,,,,,,,,,,,,,,,,,,,,,,,,,,,,,,,,
1012701,110071162187,Transcontinental Gas Pipe Line Company - Pipeline,Maryland,Tulsa,OK,74172,One Williams Center,WAGONER COUNTY,36.08256,-95.67245,486210,W-TRANS,,,2596.3069873,,,2859.0247003,,,,,,,,,,,,,,,,,,,,,,,,,,,,,,,,,,,,,,,,
1012701,110071162187,Transcontinental Gas Pipe Line Company - Pipeline,Mississippi,Tulsa,OK,74172,One Williams Center,WAGONER COUNTY,36.08256,-95.67245,486210,W-TRANS,5714.1912138,,,43476.3131314,17946.5540557,117.6954763,3014.4101447,,,,,,,,,,,,,,,,,,,,,,,,,,,,,,,,,,,,,,,
1012701,110071162187,Transcontinental Gas Pipe Line Company - Pipeline,New Jersey,Tulsa,OK,74172,One Williams Center,WAGONER COUNTY,36.08256,-95.67245,486210,W-TRANS,,9105.4799118,131.2163423,3820.3680231,1707.0142522,1633.3728591,1606.1592316,,,,,,,,,,,,,,,,,,,,,,,,,,,,,,,,,,,,,,,
1012701,110071162187,Transcontinental Gas Pipe Line Company - Pipeline,New York,Tulsa,OK,74172,One Williams Center,WAGONER COUNTY,36.08256,-95.67245,486210,W-TRANS,,,,21.5620934,,,,,,,,,,,,,,,,,,,,,,,,,,,,,,,,,,,,,,,,,,
1012701,110071162187,Transcontinental Gas Pipe Line Company - Pipeline,North Carolina,Tulsa,OK,74172,One Williams Center,WAGONER COUNTY,36.08256,-95.67245,486210,W-TRANS,3447.0494031,1588.875788,9.4233449,16215.5510166,11042.2581184,4049.1300681,9032.2902867,,,,,,,,,,,,,,,,,,,,,,,,,,,,,,,,,,,,,,,
1012701,110071162187,Transcontinental Gas Pipe Line Company - Pipeline,Pennsylvania,Tulsa,OK,74172,One Williams Center,WAGONER COUNTY,36.08256,-95.67245,486210,W-TRANS,718.6990288,12464.886507,105.7537348,2271.7238216,5959.778561,21395.6015357,25374.9847779,,,,,,,,,,,,,,,,,,,,,,,,,,,,,,,,,,,,,,,
1012701,110071162187,Transcontinental Gas Pipe Line Company - Pipeline,South Carolina,Tulsa,OK,74172,One Williams Center,WAGONER COUNTY,36.08256,-95.67245,486210,W-TRANS,,,11865.9998269,,31479.5333775,10.0348369,2358.465376,,,,,,,,,,,,,,,,,,,,,,,,,,,,,,,,,,,,,,,
1012701,110071162187,Transcontinental Gas Pipe Line Company - Pipeline,Texas,Tulsa,OK,74172,One Williams Center,WAGONER COUNTY,36.08256,-95.67245,486210,W-TRANS,,41062.2249805,511.6026432,780.3219937,25828.0304129,13094.0043188,4803.1869196,,,,,,,,,,,,,,,,,,,,,,,,,,,,,,,,,,,,,,,
1012701,110071162187,Transcontinental Gas Pipe Line Company - Pipeline,Virginia,Tulsa,OK,74172,One Williams Center,WAGONER COUNTY,36.08256,-95.67245,486210,W-TRANS,4917.4252272,1451.7200774,2559.6192965,24928.6554914,23430.9749767,44067.0694939,31225.150738,,,,,,,,,,,,,,,,,,,,,,,,,,,,,,,,,,,,,,,
1012691,110070082274,Transmission Pipeline - Energy Transfer Fuel LP,Texas,Dallas,TX,75225,8111 Westchester Drive,DALLAS COUNTY,32.861516,-96.806516,486210,W-TRANS,48435.30868,28812.36302,60397.38089,31036.80898,29217.02501,,,,,,,,,,,,,,,,,,,,,,,,,,,,,,,,,,,,,,,,,
1012409,110070082274,Transmission Pipeline - Florida Gas Transmission,Alabama,Dallas,TX,75225,8111 Westchester Drive,DALLAS COUNTY,32.861516,-96.806516,486210,W-TRANS,226.37307,120.67804,506.41523,36155.13144,121751.46682,,,,,,,,,,,,,,,,,,,,,,,,,,,,,,,,,,,,,,,,,
1012409,110070082274,Transmission Pipeline - Florida Gas Transmission,Florida,Dallas,TX,75225,8111 Westchester Drive,DALLAS COUNTY,32.861516,-96.806516,486210,W-TRANS,63732.28054,34428.73033,164589.62057,,287747.65301,31249.48652,44872.28294,,,,,,,,,,,,,,,,,,,,,,,,,,,,,,,,,,,,,,,
1012409,110070082274,Transmission Pipeline - Florida Gas Transmission,Louisiana,Dallas,TX,75225,8111 Westchester Drive,DALLAS COUNTY,32.861516,-96.806516,486210,W-TRANS,6315.82722,2868.17941,8828.80012,960.69139,,1136.13804,2744.56173,,,,,,,,,,,,,,,,,,,,,,,,,,,,,,,,,,,,,,,
1012409,110070082274,Transmission Pipeline - Florida Gas Transmission,Mississippi,Dallas,TX,75225,8111 Westchester Drive,DALLAS COUNTY,32.861516,-96.806516,486210,W-TRANS,11110.19019,22927.57118,11746.45603,,21408.78677,22584.56948,,,,,,,,,,,,,,,,,,,,,,,,,,,,,,,,,,,,,,,,
1012409,110070082274,Transmission Pipeline - Florida Gas Transmission,Texas,Dallas,TX,75225,8111 Westchester Drive,DALLAS COUNTY,32.861516,-96.806516,486210,W-TRANS,,13545.58295,3826.55538,1.36958,11735.60803,3514.79368,2119.70954,,,,,,,,,,,,,,,,,,,,,,,,,,,,,,,,,,,,,,,
1012702,110070082274,Transmission Pipeline - Houston Pipe Line Company LP,Texas,Dallas,TX,75225,8111 Westchester Drive,DALLAS COUNTY,32.861516,-96.806516,486210,W-TRANS,34956.65685,40464.12821,32968.94265,,,,,,,,,,,,,,,,,,,,,,,,,,,,,,,,,,,,,,,,,,,
1012654,110070082274,Transmission Pipeline - Oasis Pipe Line Company,Texas,Dallas,TX,75225,8111 Westchester Drive,DALLAS COUNTY,32.861516,-96.806516,486210,W-TRANS,26158.02676,26472.9133,,,,,,,,,,,,,,,,,,,,,,,,,,,,,,,,,,,,,,,,,,,,
1012427,110070082274,Transmission Pipeline - Panhandle Eastern Pipeline Co,Illinois,Dallas,TX,75225,8111 Westchester Drive,DALLAS COUNTY,32.861516,-96.806516,486210,W-TRANS,43804.98446,113041.99,48881.20193,46557.85451,25626.59869,17690.19528,,,,,,,,,,,,,,,,,,,,,,,,,,,,,,,,,,,,,,,,
1012427,110070082274,Transmission Pipeline - Panhandle Eastern Pipeline Co,Indiana,Dallas,TX,75225,8111 Westchester Drive,DALLAS COUNTY,32.861516,-96.806516,486210,W-TRANS,19163.61468,48388.82512,39991.97895,35351.55784,5267.26684,18223.70498,20832.91551,,,,,,,,,,,,,,,,,,,,,,,,,,,,,,,,,,,,,,,
1012427,110070082274,Transmission Pipeline - Panhandle Eastern Pipeline Co,Kansas,Dallas,TX,75225,8111 Westchester Drive,DALLAS COUNTY,32.861516,-96.806516,486210,W-TRANS,35657.85776,88771.42114,68502.63936,49918.23753,10377.08702,62586.72189,85751.56121,,,,,,,,,,,,,,,,,,,,,,,,,,,,,,,,,,,,,,,
1012427,110070082274,Transmission Pipeline - Panhandle Eastern Pipeline Co,Michigan,Dallas,TX,75225,8111 Westchester Drive,DALLAS COUNTY,32.861516,-96.806516,486210,W-TRANS,6676.53757,9447.01566,29863.63453,13585.91241,6146.76193,24653.31706,17363.49611,,,,,,,,,,,,,,,,,,,,,,,,,,,,,,,,,,,,,,,
1012427,110070082274,Transmission Pipeline - Panhandle Eastern Pipeline Co,Missouri,Dallas,TX,75225,8111 Westchester Drive,DALLAS COUNTY,32.861516,-96.806516,486210,W-TRANS,34062.03033,41692.40114,70363.43934,54157.67939,7940.35672,52594.54787,16063.32384,,,,,,,,,,,,,,,,,,,,,,,,,,,,,,,,,,,,,,,
1012427,110070082274,Transmission Pipeline - Panhandle Eastern Pipeline Co,Ohio,Dallas,TX,75225,8111 Westchester Drive,DALLAS COUNTY,32.861516,-96.806516,486210,W-TRANS,,2878.71154,,12573.04091,,36483.27529,27041.99799,,,,,,,,,,,,,,,,,,,,,,,,,,,,,,,,,,,,,,,
1012427,110070082274,Transmission Pipeline - Panhandle Eastern Pipeline Co,Oklahoma,Dallas,TX,75225,8111 Westchester Drive,DALLAS COUNTY,32.861516,-96.806516,486210,W-TRANS,,11554.67306,29213.28145,4966.26828,,4046.64646,6802.2374,,,,,,,,,,,,,,,,,,,,,,,,,,,,,,,,,,,,,,,
1012427,110070082274,Transmission Pipeline - Panhandle Eastern Pipeline Co,Texas,Dallas,TX,75225,8111 Westchester Drive,DALLAS COUNTY,32.861516,-96.806516,486210,W-TRANS,1495.20024,2471.0566,,,,,,,,,,,,,,,,,,,,,,,,,,,,,,,,,,,,,,,,,,,,
1013408,110070082274,Transmission Pipeline - Rover Pipeline LLC,Michigan,Dallas,TX,75225,8111 Westchester Drive,DALLAS COUNTY,32.861516,-96.806516,486210,W-TRANS,,79.11591,212.32113,,372.52522,,,,,,,,,,,,,,,,,,,,,,,,,,,,,,,,,,,,,,,,,
1013408,110070082274,Transmission Pipeline - Rover Pipeline LLC,Ohio,Dallas,TX,75225,8111 Westchester Drive,DALLAS COUNTY,32.861516,-96.806516,486210,W-TRANS,,62.94127,467.70363,10500.12202,30557.11129,,,,,,,,,,,,,,,,,,,,,,,,,,,,,,,,,,,,,,,,,
1013408,110070082274,Transmission Pipeline - Rover Pipeline LLC,West Virginia,Dallas,TX,75225,8111 Westchester Drive,DALLAS COUNTY,32.861516,-96.806516,486210,W-TRANS,,,,290.59231,,,,,,,,,,,,,,,,,,,,,,,,,,,,,,,,,,,,,,,,,,
1013409,110070082274,Transmission Pipeline - Trans-Pecos Pipeline LLC,Texas,Dallas,TX,75225,8111 Westchester Drive,DALLAS COUNTY,32.861516,-96.806516,486210,W-TRANS,,,4346.12752,,467726.40889,,,,,,,,,,,,,,,,,,,,,,,,,,,,,,,,,,,,,,,,,
1012418,110070082274,Transmission Pipeline - Transwestern Pipeline Company LLC,Arizona,Dallas,TX,75225,8111 Westchester Drive,DALLAS COUNTY,32.861516,-96.806516,486210,W-TRANS,50792.53488,1758.53815,410.18862,503.09165,,17425.68877,11171.46504,,,,,,,,,,,,,,,,,,,,,,,,,,,,,,,,,,,,,,,
1012418,110070082274,Transmission Pipeline - Transwestern Pipeline Company LLC,California,Dallas,TX,75225,8111 Westchester Drive,DALLAS COUNTY,32.861516,-96.806516,486210,W-TRANS,,,5.25005,,,7.53268,38.80471,,,,,,,,,,,,,,,,,,,,,,,,,,,,,,,,,,,,,,,
1012418,110070082274,Transmission Pipeline - Transwestern Pipeline Company LLC,Colorado,Dallas,TX,75225,8111 Westchester Drive,DALLAS COUNTY,32.861516,-96.806516,486210,W-TRANS,,,11.41315,,,,,,,,,,,,,,,,,,,,,,,,,,,,,,,,,,,,,,,,,,,
1012418,110070082274,Transmission Pipeline - Transwestern Pipeline Company LLC,New Mexico,Dallas,TX,75225,8111 Westchester Drive,DALLAS COUNTY,32.861516,-96.806516,486210,W-TRANS,761.79122,,9600.74178,5720.27178,,13571.99313,19713.98406,,,,,,,,,,,,,,,,,,,,,,,,,,,,,,,,,,,,,,,
1012418,110070082274,Transmission Pipeline - Transwestern Pipeline Company LLC,Texas,Dallas,TX,75225,8111 Westchester Drive,DALLAS COUNTY,32.861516,-96.806516,486210,W-TRANS,,,,16778.49234,,,49.3048,,,,,,,,,,,,,,,,,,,,,,,,,,,,,,,,,,,,,,,
1012413,110070082274,Transmission Pipeline - Trunkline Gas Co,Arizona,Dallas,TX,75225,8111 Westchester Drive,DALLAS COUNTY,32.861516,-96.806516,486210,W-TRANS,,,,,,,28395.9172,,,,,,,,,,,,,,,,,,,,,,,,,,,,,,,,,,,,,,,
1012413,110070082274,Transmission Pipeline - Trunkline Gas Co,Illinois,Dallas,TX,75225,8111 Westchester Drive,DALLAS COUNTY,32.861516,-96.806516,486210,W-TRANS,1.07248,86.80177,1176.77786,12282.42932,7849.37114,25527.56434,34315.84527,,,,,,,,,,,,,,,,,,,,,,,,,,,,,,,,,,,,,,,
1012413,110070082274,Transmission Pipeline - Trunkline Gas Co,Indiana,Dallas,TX,75225,8111 Westchester Drive,DALLAS COUNTY,32.861516,-96.806516,486210,W-TRANS,0.14717,16287.93463,20101.10684,17523.0895,6614.95712,,,,,,,,,,,,,,,,,,,,,,,,,,,,,,,,,,,,,,,,,
1012413,110070082274,Transmission Pipeline - Trunkline Gas Co,Kentucky,Dallas,TX,75225,8111 Westchester Drive,DALLAS COUNTY,32.861516,-96.806516,486210,W-TRANS,,,1527.41562,,,,,,,,,,,,,,,,,,,,,,,,,,,,,,,,,,,,,,,,,,,
1012413,110070082274,Transmission Pipeline - Trunkline Gas Co,Louisiana,Dallas,TX,75225,8111 Westchester Drive,DALLAS COUNTY,32.861516,-96.806516,486210,W-TRANS,1250.88124,1375.04705,,2362.15163,,7528.11374,,,,,,,,,,,,,,,,,,,,,,,,,,,,,,,,,,,,,,,,
1012413,110070082274,Transmission Pipeline - Trunkline Gas Co,Mississippi,Dallas,TX,75225,8111 Westchester Drive,DALLAS COUNTY,32.861516,-96.806516,486210,W-TRANS,,106.24742,,,0.00175,,19.0925,,,,,,,,,,,,,,,,,,,,,,,,,,,,,,,,,,,,,,,
1012413,110070082274,Transmission Pipeline - Trunkline Gas Co,Tennessee,Dallas,TX,75225,8111 Westchester Drive,DALLAS COUNTY,32.861516,-96.806516,486210,W-TRANS,,,,,,,31.70328,,,,,,,,,,,,,,,,,,,,,,,,,,,,,,,,,,,,,,,
1012413,110070082274,Transmission Pipeline - Trunkline Gas Co,Texas,Dallas,TX,75225,8111 Westchester Drive,DALLAS COUNTY,32.861516,-96.806516,486210,W-TRANS,14377.55603,1074.61665,1750.77721,19.40961,271.99714,479.60334,1935.45549,,,,,,,,,,,,,,,,,,,,,,,,,,,,,,,,,,,,,,,
1012291,110070209522,"Transmission Pipeline Facility, Colorado Interstate Gas Company, L.L.C.",Colorado,Houston,TX,77002,"1001 Louisiana St, Suite 1000",HARRIS COUNTY,29.75816,-95.36782,486210,W-TRANS,12057.9185568,20934.7287575,31779.1648243,41718.7163265,9506.105492,30734.7795,,,,,,,,,,,,,,,,,,,,,,,,,,,,,,,,,,,,,,,,
1012291,110070209522,"Transmission Pipeline Facility, Colorado Interstate Gas Company, L.L.C.",Kansas,Houston,TX,77002,"1001 Louisiana St, Suite 1000",HARRIS COUNTY,29.75816,-95.36782,486210,W-TRANS,141.1578392,138.8295566,56.4266136,71.3305907,,,,,,,,,,,,,,,,,,,,,,,,,,,,,,,,,,,,,,,,,,
1012291,110070209522,"Transmission Pipeline Facility, Colorado Interstate Gas Company, L.L.C.",Oklahoma,Houston,TX,77002,"1001 Louisiana St, Suite 1000",HARRIS COUNTY,29.75816,-95.36782,486210,W-TRANS,44.8308532,51.2678698,194.480076,1050.8836368,,,,,,,,,,,,,,,,,,,,,,,,,,,,,,,,,,,,,,,,,,
1012291,110070209522,"Transmission Pipeline Facility, Colorado Interstate Gas Company, L.L.C.",Texas,Houston,TX,77002,"1001 Louisiana St, Suite 1000",HARRIS COUNTY,29.75816,-95.36782,486210,W-TRANS,212.6315498,928.0077918,2833.3464443,112.1958298,,,,,,,,,,,,,,,,,,,,,,,,,,,,,,,,,,,,,,,,,,
1012291,110070209522,"Transmission Pipeline Facility, Colorado Interstate Gas Company, L.L.C.",Wyoming,Houston,TX,77002,"1001 Louisiana St, Suite 1000",HARRIS COUNTY,29.75816,-95.36782,486210,W-TRANS,4469.1572599,6692.5620868,9399.809988,5944.1805768,1976.9467179,3288.3037,,,,,,,,,,,,,,,,,,,,,,,,,,,,,,,,,,,,,,,,
1012290,110070209522,"Transmission Pipeline Facility, El Paso Natural Gas Company, L.L.C.",Arizona,Houston,TX,77002,"1001 Louisiana St, Suite 1000",HARRIS COUNTY,29.75816,-95.36782,486210,W-TRANS,68139.4161261,176203.4877256,139723.42322,26514.7000573,28777.7963609,50927.6778,77911.3,,,,,,,,,,,,,,,,,,,,,,,,,,,,,,,,,,,,,,,
1012290,110070209522,"Transmission Pipeline Facility, El Paso Natural Gas Company, L.L.C.",California,Houston,TX,77002,"1001 Louisiana St, Suite 1000",HARRIS COUNTY,29.75816,-95.36782,486210,W-TRANS,129.8098343,,2.3335787,,,,,,,,,,,,,,,,,,,,,,,,,,,,,,,,,,,,,,,,,,,
1012290,110070209522,"Transmission Pipeline Facility, El Paso Natural Gas Company, L.L.C.",Colorado,Houston,TX,77002,"1001 Louisiana St, Suite 1000",HARRIS COUNTY,29.75816,-95.36782,486210,W-TRANS,301.2726477,7.1015823,4.2913444,17.2566828,4.0174288,6.3974,,,,,,,,,,,,,,,,,,,,,,,,,,,,,,,,,,,,,,,,
1012290,110070209522,"Transmission Pipeline Facility, El Paso Natural Gas Company, L.L.C.",New Mexico,Houston,TX,77002,"1001 Louisiana St, Suite 1000",HARRIS COUNTY,29.75816,-95.36782,486210,W-TRANS,30945.4395129,20594.9926905,34433.0305221,42495.3070886,9559.1803838,24784.1533,72854.65,,,,,,,,,,,,,,,,,,,,,,,,,,,,,,,,,,,,,,,
1012290,110070209522,"Transmission Pipeline Facility, El Paso Natural Gas Company, L.L.C.",Oklahoma,Houston,TX,77002,"1001 Louisiana St, Suite 1000",HARRIS COUNTY,29.75816,-95.36782,486210,W-TRANS,49.7978561,18.5349556,17.0740724,24.1045728,,,,,,,,,,,,,,,,,,,,,,,,,,,,,,,,,,,,,,,,,,
1012290,110070209522,"Transmission Pipeline Facility, El Paso Natural Gas Company, L.L.C.",Texas,Houston,TX,77002,"1001 Louisiana St, Suite 1000",HARRIS COUNTY,29.75816,-95.36782,486210,W-TRANS,11189.9052719,7822.1736674,47104.0111815,85084.5154584,12474.0910873,20650.1076,11211.65,,,,,,,,,,,,,,,,,,,,,,,,,,,,,,,,,,,,,,,
1012282,110070209522,"Transmission Pipeline Facility, Elba Express Company, L.L.C.",Georgia,Houston,TX,77002,"1001 Louisiana St, Suite 1000",HARRIS COUNTY,29.75816,-95.36782,486210,W-TRANS,,,13.6235117,,19650.4283976,802.3219,37723.75,,,,,,,,,,,,,,,,,,,,,,,,,,,,,,,,,,,,,,,
1012281,110070209522,"Transmission Pipeline Facility, Kinder Morgan Tejas Pipeline LLC",Texas,Houston,TX,77002,"1001 Louisiana St, Suite 1000",HARRIS COUNTY,29.75816,-95.36782,486210,W-TRANS,30074.9348676,63760.427792,163414.5219235,61732.3836081,15396.07032,66885.6268,,,,,,,,,,,,,,,,,,,,,,,,,,,,,,,,,,,,,,,,
1012294,110070209522,"Transmission Pipeline Facility, Kinder Morgan Texas Pipeline LLC",Texas,Houston,TX,77002,"1001 Louisiana St, Suite 1000",HARRIS COUNTY,29.75816,-95.36782,486210,W-TRANS,19778.4099829,24042.2811063,77687.3574805,,,,,,,,,,,,,,,,,,,,,,,,,,,,,,,,,,,,,,,,,,,
1012260,110070069550,"Transmission Pipeline Facility, Natural Gas Pipeline Company of America LLC",Arkansas,Houston,TX,77002,"1001 Louisiana St, Suite 1000",HARRIS COUNTY,29.75816,-95.36782,486210,W-TRANS,1509.9371014,2663.2830457,9826.5883433,10761.8862596,3580.292966,12079.4777,15288.35,,,,,,,,,,,,,,,,,,,,,,,,,,,,,,,,,,,,,,,
1012260,110070069550,"Transmission Pipeline Facility, Natural Gas Pipeline Company of America LLC",Illinois,Houston,TX,77002,"1001 Louisiana St, Suite 1000",HARRIS COUNTY,29.75816,-95.36782,486210,W-TRANS,112283.8699306,114416.0935304,145287.4159871,80679.5935067,4953.0824887,64224.3855,54502.55,,,,,,,,,,,,,,,,,,,,,,,,,,,,,,,,,,,,,,,
1012260,110070069550,"Transmission Pipeline Facility, Natural Gas Pipeline Company of America LLC",Iowa,Houston,TX,77002,"1001 Louisiana St, Suite 1000",HARRIS COUNTY,29.75816,-95.36782,486210,W-TRANS,100240.3951682,141533.006385,188636.378713,215465.9450728,12468.4473747,13267.7869,82990.35,,,,,,,,,,,,,,,,,,,,,,,,,,,,,,,,,,,,,,,
1012260,110070069550,"Transmission Pipeline Facility, Natural Gas Pipeline Company of America LLC",Kansas,Houston,TX,77002,"1001 Louisiana St, Suite 1000",HARRIS COUNTY,29.75816,-95.36782,486210,W-TRANS,1113.2407059,22476.6918936,92625.1878933,36680.8282415,99248.2141548,53574.0895,167637.45,,,,,,,,,,,,,,,,,,,,,,,,,,,,,,,,,,,,,,,
1012260,110070069550,"Transmission Pipeline Facility, Natural Gas Pipeline Company of America LLC",Louisiana,Houston,TX,77002,"1001 Louisiana St, Suite 1000",HARRIS COUNTY,29.75816,-95.36782,486210,W-TRANS,692.4586368,629.549354,1626.9993131,2143.4808752,,,,,,,,,,,,,,,,,,,,,,,,,,,,,,,,,,,,,,,,,,
1012260,110070069550,"Transmission Pipeline Facility, Natural Gas Pipeline Company of America LLC",Missouri,Houston,TX,77002,"1001 Louisiana St, Suite 1000",HARRIS COUNTY,29.75816,-95.36782,486210,W-TRANS,6445.7232817,21879.3964144,13194.7040004,17651.2239373,1169.7442882,5813.4256,5459.05,,,,,,,,,,,,,,,,,,,,,,,,,,,,,,,,,,,,,,,
1012260,110070069550,"Transmission Pipeline Facility, Natural Gas Pipeline Company of America LLC",Nebraska,Houston,TX,77002,"1001 Louisiana St, Suite 1000",HARRIS COUNTY,29.75816,-95.36782,486210,W-TRANS,785.8737628,1268.3333154,55247.3557655,13511.6918699,18021.6883038,27803.4871,23345.4,,,,,,,,,,,,,,,,,,,,,,,,,,,,,,,,,,,,,,,
1012260,110070069550,"Transmission Pipeline Facility, Natural Gas Pipeline Company of America LLC",New Mexico,Houston,TX,77002,"1001 Louisiana St, Suite 1000",HARRIS COUNTY,29.75816,-95.36782,486210,W-TRANS,454.24337,4479.8938729,17529.6101113,20092.8035533,9063.9054606,4905.6522,,,,,,,,,,,,,,,,,,,,,,,,,,,,,,,,,,,,,,,,
1012260,110070069550,"Transmission Pipeline Facility, Natural Gas Pipeline Company of America LLC",Oklahoma,Houston,TX,77002,"1001 Louisiana St, Suite 1000",HARRIS COUNTY,29.75816,-95.36782,486210,W-TRANS,6844.7617507,28801.8590405,11875.4377361,51842.8297847,16579.2794321,10687.111,36936.6,,,,,,,,,,,,,,,,,,,,,,,,,,,,,,,,,,,,,,,
1012260,110070069550,"Transmission Pipeline Facility, Natural Gas Pipeline Company of America LLC",Texas,Houston,TX,77002,"1001 Louisiana St, Suite 1000",HARRIS COUNTY,29.75816,-95.36782,486210,W-TRANS,17312.8679103,74659.2177117,106757.7669193,59945.9883748,37827.6273977,35244.6782,35978,,,,,,,,,,,,,,,,,,,,,,,,,,,,,,,,,,,,,,,
1012293,110070209522,"Transmission Pipeline Facility, Ruby Pipeline, L.L.C.",Nevada,Houston,TX,77002,"1001 Louisiana St, Suite 1000",HARRIS COUNTY,29.75816,-95.36782,486210,W-TRANS,2116.8197568,80.4088379,29.9846277,,,,,,,,,,,,,,,,,,,,,,,,,,,,,,,,,,,,,,,,,,,
1012293,110070209522,"Transmission Pipeline Facility, Ruby Pipeline, L.L.C.",Oregon,Houston,TX,77002,"1001 Louisiana St, Suite 1000",HARRIS COUNTY,29.75816,-95.36782,486210,W-TRANS,691.2999743,167.1807348,625.1301823,,,,,,,,,,,,,,,,,,,,,,,,,,,,,,,,,,,,,,,,,,,
1012293,110070209522,"Transmission Pipeline Facility, Ruby Pipeline, L.L.C.",Utah,Houston,TX,77002,"1001 Louisiana St, Suite 1000",HARRIS COUNTY,29.75816,-95.36782,486210,W-TRANS,564.4852685,,,,,,,,,,,,,,,,,,,,,,,,,,,,,,,,,,,,,,,,,,,,,
1012293,110070209522,"Transmission Pipeline Facility, Ruby Pipeline, L.L.C.",Wyoming,Houston,TX,77002,"1001 Louisiana St, Suite 1000",HARRIS COUNTY,29.75816,-95.36782,486210,W-TRANS,582.2258688,263.4976767,68462.4559335,,,,,,,,,,,,,,,,,,,,,,,,,,,,,,,,,,,,,,,,,,,
1012259,110070209522,"Transmission Pipeline Facility, Southern Natural Gas Company, L.L.C.",Alabama,Houston,TX,77002,"1001 Louisiana St, Suite 1000",HARRIS COUNTY,29.75816,-95.36782,486210,W-TRANS,96568.338559,9329.6056474,24831.2539097,15230.5585082,4102.0656619,6212.3603,11590.65,,,,,,,,,,,,,,,,,,,,,,,,,,,,,,,,,,,,,,,
1012259,110070209522,"Transmission Pipeline Facility, Southern Natural Gas Company, L.L.C.",Florida,Houston,TX,77002,"1001 Louisiana St, Suite 1000",HARRIS COUNTY,29.75816,-95.36782,486210,W-TRANS,212.0831254,98.544058,,156.4365781,,,84.35,,,,,,,,,,,,,,,,,,,,,,,,,,,,,,,,,,,,,,,
1012259,110070209522,"Transmission Pipeline Facility, Southern Natural Gas Company, L.L.C.",Georgia,Houston,TX,77002,"1001 Louisiana St, Suite 1000",HARRIS COUNTY,29.75816,-95.36782,486210,W-TRANS,2310.2872136,15020.3542751,56872.5611142,15156.7677455,1828.7874143,12444.7361,91446.9,,,,,,,,,,,,,,,,,,,,,,,,,,,,,,,,,,,,,,,
1012259,110070209522,"Transmission Pipeline Facility, Southern Natural Gas Company, L.L.C.",Louisiana,Houston,TX,77002,"1001 Louisiana St, Suite 1000",HARRIS COUNTY,29.75816,-95.36782,486210,W-TRANS,1827.6923576,1870.8933028,1068.4333047,3783.9429148,2586.5230594,470.6448,804.65,,,,,,,,,,,,,,,,,,,,,,,,,,,,,,,,,,,,,,,
1012259,110070209522,"Transmission Pipeline Facility, Southern Natural Gas Company, L.L.C.",Mississippi,Houston,TX,77002,"1001 Louisiana St, Suite 1000",HARRIS COUNTY,29.75816,-95.36782,486210,W-TRANS,8117.1413432,6688.0527137,4355.6830197,12142.0061758,94.4436786,7085.1359,17370,,,,,,,,,,,,,,,,,,,,,,,,,,,,,,,,,,,,,,,
1012259,110070209522,"Transmission Pipeline Facility, Southern Natural Gas Company, L.L.C.",South Carolina,Houston,TX,77002,"1001 Louisiana St, Suite 1000",HARRIS COUNTY,29.75816,-95.36782,486210,W-TRANS,,,12.9242511,332.0980116,,165.353,8.25,,,,,,,,,,,,,,,,,,,,,,,,,,,,,,,,,,,,,,,
1012277,110070209522,"Transmission Pipeline Facility, Tennessee Gas Pipeline Company, L.L.C.",Alabama,Houston,TX,77002,"1001 Louisiana St, Suite 1000",HARRIS COUNTY,29.75816,-95.36782,486210,W-TRANS,,,3747.0261225,5642.9068804,,,3419.4,,,,,,,,,,,,,,,,,,,,,,,,,,,,,,,,,,,,,,,
1012277,110070209522,"Transmission Pipeline Facility, Tennessee Gas Pipeline Company, L.L.C.",Arkansas,Houston,TX,77002,"1001 Louisiana St, Suite 1000",HARRIS COUNTY,29.75816,-95.36782,486210,W-TRANS,,3648.6034744,,2859.0401381,,1390.6573,,,,,,,,,,,,,,,,,,,,,,,,,,,,,,,,,,,,,,,,
1012277,110070209522,"Transmission Pipeline Facility, Tennessee Gas Pipeline Company, L.L.C.",Connecticut,Houston,TX,77002,"1001 Louisiana St, Suite 1000",HARRIS COUNTY,29.75816,-95.36782,486210,W-TRANS,1040.5831313,1127.2728534,193.0140969,,,6.2222,13,,,,,,,,,,,,,,,,,,,,,,,,,,,,,,,,,,,,,,,
1012277,110070209522,"Transmission Pipeline Facility, Tennessee Gas Pipeline Company, L.L.C.",Kentucky,Houston,TX,77002,"1001 Louisiana St, Suite 1000",HARRIS COUNTY,29.75816,-95.36782,486210,W-TRANS,4726.7575792,50279.7750147,18037.8191344,13778.9690813,3412.9517638,16277.1918,7828.25,,,,,,,,,,,,,,,,,,,,,,,,,,,,,,,,,,,,,,,
1012277,110070209522,"Transmission Pipeline Facility, Tennessee Gas Pipeline Company, L.L.C.",Louisiana,Houston,TX,77002,"1001 Louisiana St, Suite 1000",HARRIS COUNTY,29.75816,-95.36782,486210,W-TRANS,4872.7616246,39713.5509857,4631.3796968,3304.3359639,4028.4251873,6575.6438,5928.55,,,,,,,,,,,,,,,,,,,,,,,,,,,,,,,,,,,,,,,
1012277,110070209522,"Transmission Pipeline Facility, Tennessee Gas Pipeline Company, L.L.C.",Massachusetts,Houston,TX,77002,"1001 Louisiana St, Suite 1000",HARRIS COUNTY,29.75816,-95.36782,486210,W-TRANS,517.8123329,3.7636464,1181.0092975,526.0678297,,1823.1281,13.5,,,,,,,,,,,,,,,,,,,,,,,,,,,,,,,,,,,,,,,
1012277,110070209522,"Transmission Pipeline Facility, Tennessee Gas Pipeline Company, L.L.C.",Mississippi,Houston,TX,77002,"1001 Louisiana St, Suite 1000",HARRIS COUNTY,29.75816,-95.36782,486210,W-TRANS,2587.2034208,85408.0478934,23096.6487278,44810.5584743,19656.8631767,17368.3389,18362.95,,,,,,,,,,,,,,,,,,,,,,,,,,,,,,,,,,,,,,,
1012277,110070209522,"Transmission Pipeline Facility, Tennessee Gas Pipeline Company, L.L.C.",New Hampshire,Houston,TX,77002,"1001 Louisiana St, Suite 1000",HARRIS COUNTY,29.75816,-95.36782,486210,W-TRANS,,,122.8092583,,,,16.25,,,,,,,,,,,,,,,,,,,,,,,,,,,,,,,,,,,,,,,
1012277,110070209522,"Transmission Pipeline Facility, Tennessee Gas Pipeline Company, L.L.C.",New Jersey,Houston,TX,77002,"1001 Louisiana St, Suite 1000",HARRIS COUNTY,29.75816,-95.36782,486210,W-TRANS,35.9382749,37.9131603,16.0468889,55.1508061,337.386137,39.1426,,,,,,,,,,,,,,,,,,,,,,,,,,,,,,,,,,,,,,,,
1012277,110070209522,"Transmission Pipeline Facility, Tennessee Gas Pipeline Company, L.L.C.",New York,Houston,TX,77002,"1001 Louisiana St, Suite 1000",HARRIS COUNTY,29.75816,-95.36782,486210,W-TRANS,942.5228983,8269.4414753,3034.6510359,6509.7195068,4107.8021839,1745.1332,3.75,,,,,,,,,,,,,,,,,,,,,,,,,,,,,,,,,,,,,,,
1012277,110070209522,"Transmission Pipeline Facility, Tennessee Gas Pipeline Company, L.L.C.",Ohio,Houston,TX,77002,"1001 Louisiana St, Suite 1000",HARRIS COUNTY,29.75816,-95.36782,486210,W-TRANS,572.4032564,5741.7294192,1659.3561265,17293.8504989,11950.2742512,11837.5515,143.45,,,,,,,,,,,,,,,,,,,,,,,,,,,,,,,,,,,,,,,
1012277,110070209522,"Transmission Pipeline Facility, Tennessee Gas Pipeline Company, L.L.C.",Pennsylvania,Houston,TX,77002,"1001 Louisiana St, Suite 1000",HARRIS COUNTY,29.75816,-95.36782,486210,W-TRANS,345.7271398,13353.2497611,7658.5833595,2485.0924331,,67.8707,6.5,,,,,,,,,,,,,,,,,,,,,,,,,,,,,,,,,,,,,,,
1012277,110070209522,"Transmission Pipeline Facility, Tennessee Gas Pipeline Company, L.L.C.",Rhode Island,Houston,TX,77002,"1001 Louisiana St, Suite 1000",HARRIS COUNTY,29.75816,-95.36782,486210,W-TRANS,,258.4680967,0.9041467,,25.7165201,,,,,,,,,,,,,,,,,,,,,,,,,,,,,,,,,,,,,,,,,
1012277,110070209522,"Transmission Pipeline Facility, Tennessee Gas Pipeline Company, L.L.C.",Tennessee,Houston,TX,77002,"1001 Louisiana St, Suite 1000",HARRIS COUNTY,29.75816,-95.36782,486210,W-TRANS,1744.9702443,18033.6401095,16747.8909829,1956.7852057,22556.3471833,14303.5327,16735.8,,,,,,,,,,,,,,,,,,,,,,,,,,,,,,,,,,,,,,,
1012277,110070209522,"Transmission Pipeline Facility, Tennessee Gas Pipeline Company, L.L.C.",Texas,Houston,TX,77002,"1001 Louisiana St, Suite 1000",HARRIS COUNTY,29.75816,-95.36782,486210,W-TRANS,11582.1915788,5893.3715332,10246.3519139,4194.7697937,20602.2887143,22026.7863,43863,,,,,,,,,,,,,,,,,,,,,,,,,,,,,,,,,,,,,,,
1012277,110070209522,"Transmission Pipeline Facility, Tennessee Gas Pipeline Company, L.L.C.",West Virginia,Houston,TX,77002,"1001 Louisiana St, Suite 1000",HARRIS COUNTY,29.75816,-95.36782,486210,W-TRANS,,2256.9143685,16.0697152,493.6886781,2154.1140966,4705.4015,10019.04,,,,,,,,,,,,,,,,,,,,,,,,,,,,,,,,,,,,,,,
1013273,110071161052,WBI Energy Transmission Pipeline Facility,Montana,Bismarck,ND,58506,1250 West Century Avenue,BURLEIGH COUNTY,46.83269,-100.812,486210,W-TRANS,,2112.9752397,2624.5,3916.4939499,704.8915543,,,,,,,,,,,,,,,,,,,,,,,,,,,,,,,,,,,,,,,,,
1013273,110071161052,WBI Energy Transmission Pipeline Facility,North Dakota,Bismarck,ND,58506,1250 West Century Avenue,BURLEIGH COUNTY,46.83269,-100.812,486210,W-TRANS,,3265.6217281,2276.85,4419.9935219,17891.0745158,,,,,,,,,,,,,,,,,,,,,,,,,,,,,,,,,,,,,,,,,
1013273,110071161052,WBI Energy Transmission Pipeline Facility,South Dakota,Bismarck,ND,58506,1250 West Century Avenue,BURLEIGH COUNTY,46.83269,-100.812,486210,W-TRANS,,852.6231176,3939.75,,7658.5259783,,,,,,,,,,,,,,,,,,,,,,,,,,,,,,,,,,,,,,,,,
1013273,110071161052,WBI Energy Transmission Pipeline Facility,Wyoming,Bismarck,ND,58506,1250 West Century Avenue,BURLEIGH COUNTY,46.83269,-100.812,486210,W-TRANS,,,2407.55,1938.657154,316.345617,,,,,,,,,,,,,,,,,,,,,,,,,,,,,,,,,,,,,,,,,
1014090,,"WWM Operating, LLC",Texas,Austin,TX,78701,"100 Congress Ave, Suite 2200",,30.2642803068953,-97.7448280454069,486210,W-TRANS,410903.4248217,,,,,,,,,,,,,,,,,,,,,,,,,,,,,,,,,,,,,,,,,,,,,